2026-08-03 14:04:34.575 [INFO] [Logger] enabled=True, retention=7d, dir=D:\Programms\kil0bit\kil0bit-system-monitor-3.3.4\bin\Release\net8.0-windows\log
2026-08-03 14:04:34.787 [INFO] [Taskbar.Bounds] hwnd=0x100E2 iconRight=688 trayLeft=2253
2026-08-03 14:04:34.793 [INFO] [Taskbar.Bounds] hwnd=0x1012E iconRight=2660 trayLeft=5054
2026-08-03 14:04:35.304 [INFO] [Taskbar.Bounds] hwnd=0x100E2 iconRight=688 trayLeft=2253
2026-08-03 14:04:35.308 [INFO] [Taskbar.Bounds] hwnd=0x1012E iconRight=2660 trayLeft=5054
2026-08-03 14:04:35.838 [INFO] [Taskbar.Bounds] hwnd=0x100E2 iconRight=688 trayLeft=2253
2026-08-03 14:04:35.843 [INFO] [Taskbar.Bounds] hwnd=0x1012E iconRight=2660 trayLeft=5054
2026-08-03 14:04:36.361 [INFO] [Taskbar.Bounds] hwnd=0x100E2 iconRight=688 trayLeft=2253
2026-08-03 14:04:36.366 [INFO] [Taskbar.Bounds] hwnd=0x1012E iconRight=2660 trayLeft=5054
2026-08-03 14:04:36.903 [INFO] [Taskbar.Bounds] hwnd=0x100E2 iconRight=685 trayLeft=2253
2026-08-03 14:04:36.909 [INFO] [Taskbar.Bounds] hwnd=0x1012E iconRight=2660 trayLeft=5054
2026-08-03 14:04:37.421 [INFO] [Taskbar.Bounds] hwnd=0x100E2 iconRight=639 trayLeft=2253
2026-08-03 14:04:37.425 [INFO] [Taskbar.Bounds] hwnd=0x1012E iconRight=2660 trayLeft=5054
2026-08-03 14:04:37.966 [INFO] [Taskbar.Bounds] hwnd=0x100E2 iconRight=639 trayLeft=2253
2026-08-03 14:04:37.971 [INFO] [Taskbar.Bounds] hwnd=0x1012E iconRight=2660 trayLeft=5054
2026-08-03 14:04:38.478 [INFO] [Taskbar.Bounds] hwnd=0x100E2 iconRight=639 trayLeft=2253
2026-08-03 14:04:38.483 [INFO] [Taskbar.Bounds] hwnd=0x1012E iconRight=2660 trayLeft=5054
2026-08-03 14:04:39.008 [INFO] [Taskbar.Bounds] hwnd=0x100E2 iconRight=639 trayLeft=2253
2026-08-03 14:04:39.012 [INFO] [Taskbar.Bounds] hwnd=0x1012E iconRight=2660 trayLeft=5054
2026-08-03 14:04:39.572 [INFO] [Taskbar.Bounds] hwnd=0x100E2 iconRight=639 trayLeft=2253
2026-08-03 14:04:39.579 [INFO] [Taskbar.Bounds] hwnd=0x1012E iconRight=2660 trayLeft=5054
2026-08-03 14:04:40.102 [INFO] [Taskbar.Bounds] hwnd=0x100E2 iconRight=639 trayLeft=2253
2026-08-03 14:04:40.109 [INFO] [Taskbar.Bounds] hwnd=0x1012E iconRight=2660 trayLeft=5054
2026-08-03 14:04:40.610 [INFO] [Taskbar.Bounds] hwnd=0x100E2 iconRight=639 trayLeft=2253
2026-08-03 14:04:40.614 [INFO] [Taskbar.Bounds] hwnd=0x1012E iconRight=2660 trayLeft=5054
2026-08-03 14:04:41.138 [INFO] [Taskbar.Bounds] hwnd=0x100E2 iconRight=639 trayLeft=2253
2026-08-03 14:04:41.142 [INFO] [Taskbar.Bounds] hwnd=0x1012E iconRight=2660 trayLeft=5054
2026-08-03 14:04:41.662 [INFO] [Taskbar.Bounds] hwnd=0x100E2 iconRight=639 trayLeft=2253
2026-08-03 14:04:41.667 [INFO] [Taskbar.Bounds] hwnd=0x1012E iconRight=2660 trayLeft=5054
2026-08-03 14:04:42.189 [INFO] [Taskbar.Bounds] hwnd=0x100E2 iconRight=639 trayLeft=2253
2026-08-03 14:04:42.194 [INFO] [Taskbar.Bounds] hwnd=0x1012E iconRight=2660 trayLeft=5054
2026-08-03 14:04:42.734 [INFO] [Taskbar.Bounds] hwnd=0x100E2 iconRight=639 trayLeft=2253
2026-08-03 14:04:42.739 [INFO] [Taskbar.Bounds] hwnd=0x1012E iconRight=2660 trayLeft=5054
2026-08-03 14:04:43.272 [INFO] [Taskbar.Bounds] hwnd=0x100E2 iconRight=639 trayLeft=2253
2026-08-03 14:04:43.276 [INFO] [Taskbar.Bounds] hwnd=0x1012E iconRight=2660 trayLeft=5054
2026-08-03 14:04:43.799 [INFO] [Taskbar.Bounds] hwnd=0x100E2 iconRight=639 trayLeft=2253
2026-08-03 14:04:43.802 [INFO] [Taskbar.Bounds] hwnd=0x1012E iconRight=2660 trayLeft=5054
2026-08-03 14:04:44.324 [INFO] [Taskbar.Bounds] hwnd=0x100E2 iconRight=639 trayLeft=2253
2026-08-03 14:04:44.329 [INFO] [Taskbar.Bounds] hwnd=0x1012E iconRight=2660 trayLeft=5054
2026-08-03 14:04:44.857 [INFO] [Taskbar.Bounds] hwnd=0x100E2 iconRight=639 trayLeft=2253
2026-08-03 14:04:44.863 [INFO] [Taskbar.Bounds] hwnd=0x1012E iconRight=2660 trayLeft=5054
2026-08-03 14:04:45.385 [INFO] [Taskbar.Bounds] hwnd=0x100E2 iconRight=639 trayLeft=2253
2026-08-03 14:04:45.388 [INFO] [Taskbar.Bounds] hwnd=0x1012E iconRight=2660 trayLeft=5054
2026-08-03 14:04:45.918 [INFO] [Taskbar.Bounds] hwnd=0x100E2 iconRight=639 trayLeft=2253
2026-08-03 14:04:45.922 [INFO] [Taskbar.Bounds] hwnd=0x1012E iconRight=2660 trayLeft=5054
2026-08-03 14:04:46.448 [INFO] [Taskbar.Bounds] hwnd=0x100E2 iconRight=639 trayLeft=2253
2026-08-03 14:04:46.451 [INFO] [Taskbar.Bounds] hwnd=0x1012E iconRight=2660 trayLeft=5054
2026-08-03 14:04:46.989 [INFO] [Taskbar.Bounds] hwnd=0x100E2 iconRight=639 trayLeft=2253
2026-08-03 14:04:46.995 [INFO] [Taskbar.Bounds] hwnd=0x1012E iconRight=2660 trayLeft=5054
2026-08-03 14:04:47.502 [INFO] [Taskbar.Bounds] hwnd=0x100E2 iconRight=639 trayLeft=2253
2026-08-03 14:04:47.506 [INFO] [Taskbar.Bounds] hwnd=0x1012E iconRight=2660 trayLeft=5054
2026-08-03 14:04:48.033 [INFO] [Taskbar.Bounds] hwnd=0x100E2 iconRight=639 trayLeft=2253
2026-08-03 14:04:48.038 [INFO] [Taskbar.Bounds] hwnd=0x1012E iconRight=2660 trayLeft=5054
2026-08-03 14:04:48.573 [INFO] [Taskbar.Bounds] hwnd=0x100E2 iconRight=639 trayLeft=2253
2026-08-03 14:04:48.579 [INFO] [Taskbar.Bounds] hwnd=0x1012E iconRight=2660 trayLeft=5054
2026-08-03 14:04:49.106 [INFO] [Taskbar.Bounds] hwnd=0x100E2 iconRight=639 trayLeft=2253
2026-08-03 14:04:49.110 [INFO] [Taskbar.Bounds] hwnd=0x1012E iconRight=2660 trayLeft=5054
2026-08-03 14:04:49.634 [INFO] [Taskbar.Bounds] hwnd=0x100E2 iconRight=639 trayLeft=2253
2026-08-03 14:04:49.637 [INFO] [Taskbar.Bounds] hwnd=0x1012E iconRight=2660 trayLeft=5054
2026-08-03 14:04:50.168 [INFO] [Taskbar.Bounds] hwnd=0x100E2 iconRight=639 trayLeft=2253
2026-08-03 14:04:50.171 [INFO] [Taskbar.Bounds] hwnd=0x1012E iconRight=2660 trayLeft=5054
2026-08-03 14:04:50.692 [INFO] [Taskbar.Bounds] hwnd=0x100E2 iconRight=639 trayLeft=2253
2026-08-03 14:04:50.696 [INFO] [Taskbar.Bounds] hwnd=0x1012E iconRight=2660 trayLeft=5054
2026-08-03 14:04:51.244 [INFO] [Taskbar.Bounds] hwnd=0x100E2 iconRight=639 trayLeft=2253
2026-08-03 14:04:51.250 [INFO] [Taskbar.Bounds] hwnd=0x1012E iconRight=2660 trayLeft=5054
2026-08-03 14:04:51.779 [INFO] [Taskbar.Bounds] hwnd=0x100E2 iconRight=639 trayLeft=2253
2026-08-03 14:04:51.785 [INFO] [Taskbar.Bounds] hwnd=0x1012E iconRight=2660 trayLeft=5054
2026-08-03 14:04:52.294 [INFO] [Taskbar.Bounds] hwnd=0x100E2 iconRight=639 trayLeft=2253
2026-08-03 14:04:52.299 [INFO] [Taskbar.Bounds] hwnd=0x1012E iconRight=2660 trayLeft=5054
2026-08-03 14:04:52.820 [INFO] [Taskbar.Bounds] hwnd=0x100E2 iconRight=639 trayLeft=2253
2026-08-03 14:04:52.824 [INFO] [Taskbar.Bounds] hwnd=0x1012E iconRight=2660 trayLeft=5054
2026-08-03 14:04:53.354 [INFO] [Taskbar.Bounds] hwnd=0x100E2 iconRight=639 trayLeft=2253
2026-08-03 14:04:53.359 [INFO] [Taskbar.Bounds] hwnd=0x1012E iconRight=2660 trayLeft=5054
2026-08-03 14:04:53.879 [INFO] [Taskbar.Bounds] hwnd=0x100E2 iconRight=639 trayLeft=2253
2026-08-03 14:04:53.883 [INFO] [Taskbar.Bounds] hwnd=0x1012E iconRight=2660 trayLeft=5054
2026-08-03 14:04:54.410 [INFO] [Taskbar.Bounds] hwnd=0x100E2 iconRight=639 trayLeft=2253
2026-08-03 14:04:54.413 [INFO] [Taskbar.Bounds] hwnd=0x1012E iconRight=2660 trayLeft=5054
2026-08-03 14:04:54.950 [INFO] [Taskbar.Bounds] hwnd=0x100E2 iconRight=639 trayLeft=2253
2026-08-03 14:04:54.955 [INFO] [Taskbar.Bounds] hwnd=0x1012E iconRight=2660 trayLeft=5054
2026-08-03 14:04:55.488 [INFO] [Taskbar.Bounds] hwnd=0x100E2 iconRight=639 trayLeft=2253
2026-08-03 14:04:55.492 [INFO] [Taskbar.Bounds] hwnd=0x1012E iconRight=2660 trayLeft=5054
2026-08-03 14:04:56.005 [INFO] [Taskbar.Bounds] hwnd=0x100E2 iconRight=639 trayLeft=2253
2026-08-03 14:04:56.010 [INFO] [Taskbar.Bounds] hwnd=0x1012E iconRight=2660 trayLeft=5054
2026-08-03 14:04:56.544 [INFO] [Taskbar.Bounds] hwnd=0x100E2 iconRight=639 trayLeft=2253
2026-08-03 14:04:56.547 [INFO] [Taskbar.Bounds] hwnd=0x1012E iconRight=2660 trayLeft=5054
2026-08-03 14:04:57.073 [INFO] [Taskbar.Bounds] hwnd=0x100E2 iconRight=639 trayLeft=2253
2026-08-03 14:04:57.077 [INFO] [Taskbar.Bounds] hwnd=0x1012E iconRight=2660 trayLeft=5054
2026-08-03 14:04:57.608 [INFO] [Taskbar.Bounds] hwnd=0x100E2 iconRight=639 trayLeft=2253
2026-08-03 14:04:57.612 [INFO] [Taskbar.Bounds] hwnd=0x1012E iconRight=2660 trayLeft=5054
2026-08-03 14:04:58.146 [INFO] [Taskbar.Bounds] hwnd=0x100E2 iconRight=639 trayLeft=2253
2026-08-03 14:04:58.150 [INFO] [Taskbar.Bounds] hwnd=0x1012E iconRight=2660 trayLeft=5054
2026-08-03 14:04:58.684 [INFO] [Taskbar.Bounds] hwnd=0x100E2 iconRight=639 trayLeft=2253
2026-08-03 14:04:58.691 [INFO] [Taskbar.Bounds] hwnd=0x1012E iconRight=2660 trayLeft=5054
2026-08-03 14:04:59.195 [INFO] [Taskbar.Bounds] hwnd=0x100E2 iconRight=639 trayLeft=2253
2026-08-03 14:04:59.200 [INFO] [Taskbar.Bounds] hwnd=0x1012E iconRight=2660 trayLeft=5054
2026-08-03 14:04:59.726 [INFO] [Taskbar.Bounds] hwnd=0x100E2 iconRight=639 trayLeft=2253
2026-08-03 14:04:59.730 [INFO] [Taskbar.Bounds] hwnd=0x1012E iconRight=2660 trayLeft=5054
2026-08-03 14:04:59.945 [INFO] [Taskbar.Bounds] hwnd=0x100E2 iconRight=639 trayLeft=2253
2026-08-03 14:04:59.948 [INFO] [Taskbar.Bounds] hwnd=0x1012E iconRight=2660 trayLeft=5054
2026-08-03 14:05:00.253 [INFO] [Taskbar.Bounds] hwnd=0x100E2 iconRight=639 trayLeft=2253
2026-08-03 14:05:00.257 [INFO] [Taskbar.Bounds] hwnd=0x1012E iconRight=2660 trayLeft=5054
2026-08-03 14:05:00.802 [INFO] [Taskbar.Bounds] hwnd=0x100E2 iconRight=639 trayLeft=2253
2026-08-03 14:05:00.806 [INFO] [Taskbar.Bounds] hwnd=0x1012E iconRight=2660 trayLeft=5054
2026-08-03 14:05:01.318 [INFO] [Taskbar.Bounds] hwnd=0x100E2 iconRight=639 trayLeft=2253
2026-08-03 14:05:01.322 [INFO] [Taskbar.Bounds] hwnd=0x1012E iconRight=2660 trayLeft=5054
2026-08-03 14:05:01.857 [INFO] [Taskbar.Bounds] hwnd=0x100E2 iconRight=639 trayLeft=2253
2026-08-03 14:05:01.863 [INFO] [Taskbar.Bounds] hwnd=0x1012E iconRight=2660 trayLeft=5054
2026-08-03 14:05:02.391 [INFO] [Taskbar.Bounds] hwnd=0x100E2 iconRight=639 trayLeft=2253
2026-08-03 14:05:02.397 [INFO] [Taskbar.Bounds] hwnd=0x1012E iconRight=2660 trayLeft=5054
2026-08-03 14:05:02.910 [INFO] [Taskbar.Bounds] hwnd=0x100E2 iconRight=639 trayLeft=2253
2026-08-03 14:05:02.916 [INFO] [Taskbar.Bounds] hwnd=0x1012E iconRight=2660 trayLeft=5054
2026-08-03 14:05:03.457 [INFO] [Taskbar.Bounds] hwnd=0x100E2 iconRight=639 trayLeft=2253
2026-08-03 14:05:03.463 [INFO] [Taskbar.Bounds] hwnd=0x1012E iconRight=2660 trayLeft=5054
2026-08-03 14:05:03.997 [INFO] [Taskbar.Bounds] hwnd=0x100E2 iconRight=639 trayLeft=2253
2026-08-03 14:05:04.002 [INFO] [Taskbar.Bounds] hwnd=0x1012E iconRight=2660 trayLeft=5054
2026-08-03 14:05:04.519 [INFO] [Taskbar.Bounds] hwnd=0x100E2 iconRight=639 trayLeft=2253
2026-08-03 14:05:04.524 [INFO] [Taskbar.Bounds] hwnd=0x1012E iconRight=2660 trayLeft=5054
2026-08-03 14:05:05.041 [INFO] [Taskbar.Bounds] hwnd=0x100E2 iconRight=639 trayLeft=2253
2026-08-03 14:05:05.046 [INFO] [Taskbar.Bounds] hwnd=0x1012E iconRight=2660 trayLeft=5054
2026-08-03 14:05:05.574 [INFO] [Taskbar.Bounds] hwnd=0x100E2 iconRight=639 trayLeft=2253
2026-08-03 14:05:05.578 [INFO] [Taskbar.Bounds] hwnd=0x1012E iconRight=2660 trayLeft=5054
2026-08-03 14:05:06.102 [INFO] [Taskbar.Bounds] hwnd=0x100E2 iconRight=639 trayLeft=2253
2026-08-03 14:05:06.107 [INFO] [Taskbar.Bounds] hwnd=0x1012E iconRight=2660 trayLeft=5054
2026-08-03 14:05:06.637 [INFO] [Taskbar.Bounds] hwnd=0x100E2 iconRight=639 trayLeft=2253
2026-08-03 14:05:06.641 [INFO] [Taskbar.Bounds] hwnd=0x1012E iconRight=2660 trayLeft=5054
2026-08-03 14:05:07.161 [INFO] [Taskbar.Bounds] hwnd=0x100E2 iconRight=639 trayLeft=2253
2026-08-03 14:05:07.165 [INFO] [Taskbar.Bounds] hwnd=0x1012E iconRight=2660 trayLeft=5054
2026-08-03 14:05:07.692 [INFO] [Taskbar.Bounds] hwnd=0x100E2 iconRight=639 trayLeft=2253
2026-08-03 14:05:07.696 [INFO] [Taskbar.Bounds] hwnd=0x1012E iconRight=2660 trayLeft=5054
2026-08-03 14:05:08.238 [INFO] [Taskbar.Bounds] hwnd=0x100E2 iconRight=639 trayLeft=2253
2026-08-03 14:05:08.243 [INFO] [Taskbar.Bounds] hwnd=0x1012E iconRight=2660 trayLeft=5054
2026-08-03 14:05:08.766 [INFO] [Taskbar.Bounds] hwnd=0x100E2 iconRight=639 trayLeft=2253
2026-08-03 14:05:08.771 [INFO] [Taskbar.Bounds] hwnd=0x1012E iconRight=2660 trayLeft=5054
2026-08-03 14:05:09.293 [INFO] [Taskbar.Bounds] hwnd=0x100E2 iconRight=639 trayLeft=2253
2026-08-03 14:05:09.297 [INFO] [Taskbar.Bounds] hwnd=0x1012E iconRight=2660 trayLeft=5054
2026-08-03 14:05:09.818 [INFO] [Taskbar.Bounds] hwnd=0x100E2 iconRight=639 trayLeft=2253
2026-08-03 14:05:09.823 [INFO] [Taskbar.Bounds] hwnd=0x1012E iconRight=2660 trayLeft=5054
2026-08-03 14:05:10.350 [INFO] [Taskbar.Bounds] hwnd=0x100E2 iconRight=639 trayLeft=2253
2026-08-03 14:05:10.355 [INFO] [Taskbar.Bounds] hwnd=0x1012E iconRight=2660 trayLeft=5054
2026-08-03 14:05:10.890 [INFO] [Taskbar.Bounds] hwnd=0x100E2 iconRight=639 trayLeft=2253
2026-08-03 14:05:10.894 [INFO] [Taskbar.Bounds] hwnd=0x1012E iconRight=2660 trayLeft=5054
2026-08-03 14:05:11.201 [INFO] [Taskbar.Bounds] hwnd=0x100E2 iconRight=639 trayLeft=2253
2026-08-03 14:05:11.205 [INFO] [Taskbar.Bounds] hwnd=0x1012E iconRight=2660 trayLeft=5054
2026-08-03 14:05:11.417 [INFO] [Taskbar.Bounds] hwnd=0x100E2 iconRight=639 trayLeft=2253
2026-08-03 14:05:11.422 [INFO] [Taskbar.Bounds] hwnd=0x1012E iconRight=2660 trayLeft=5054
2026-08-03 14:05:11.946 [INFO] [Taskbar.Bounds] hwnd=0x100E2 iconRight=639 trayLeft=2253
2026-08-03 14:05:11.950 [INFO] [Taskbar.Bounds] hwnd=0x1012E iconRight=2660 trayLeft=5054
2026-08-03 14:05:12.490 [INFO] [Taskbar.Bounds] hwnd=0x100E2 iconRight=639 trayLeft=2253
2026-08-03 14:05:12.495 [INFO] [Taskbar.Bounds] hwnd=0x1012E iconRight=2660 trayLeft=5054
2026-08-03 14:05:12.774 [INFO] [Overlay.Click] DOWN screen=(1989,1416) mode=ProcessList
2026-08-03 14:05:13.018 [INFO] [Taskbar.Bounds] hwnd=0x100E2 iconRight=639 trayLeft=2253
2026-08-03 14:05:13.025 [INFO] [Taskbar.Bounds] hwnd=0x1012E iconRight=2660 trayLeft=5054
2026-08-03 14:05:13.550 [INFO] [Taskbar.Bounds] hwnd=0x100E2 iconRight=639 trayLeft=2253
2026-08-03 14:05:13.556 [INFO] [Taskbar.Bounds] hwnd=0x1012E iconRight=2660 trayLeft=5054
2026-08-03 14:05:14.081 [INFO] [Taskbar.Bounds] hwnd=0x100E2 iconRight=639 trayLeft=2253
2026-08-03 14:05:14.086 [INFO] [Taskbar.Bounds] hwnd=0x1012E iconRight=2660 trayLeft=5054
2026-08-03 14:05:14.636 [INFO] [Taskbar.Bounds] hwnd=0x100E2 iconRight=639 trayLeft=2253
2026-08-03 14:05:14.644 [INFO] [Taskbar.Bounds] hwnd=0x1012E iconRight=2660 trayLeft=5054
2026-08-03 14:05:15.146 [INFO] [Taskbar.Bounds] hwnd=0x100E2 iconRight=639 trayLeft=2253
2026-08-03 14:05:15.151 [INFO] [Taskbar.Bounds] hwnd=0x1012E iconRight=2660 trayLeft=5054
2026-08-03 14:05:15.481 [INFO] [Taskbar.Bounds] hwnd=0x100E2 iconRight=639 trayLeft=2253
2026-08-03 14:05:15.488 [INFO] [Taskbar.Bounds] hwnd=0x1012E iconRight=2660 trayLeft=5054
2026-08-03 14:05:15.676 [INFO] [Taskbar.Bounds] hwnd=0x100E2 iconRight=639 trayLeft=2253
2026-08-03 14:05:15.680 [INFO] [Taskbar.Bounds] hwnd=0x1012E iconRight=2660 trayLeft=5054
2026-08-03 14:05:16.211 [INFO] [Taskbar.Bounds] hwnd=0x100E2 iconRight=639 trayLeft=2253
2026-08-03 14:05:16.215 [INFO] [Taskbar.Bounds] hwnd=0x1012E iconRight=2660 trayLeft=5054
2026-08-03 14:05:16.583 [INFO] [Overlay.Click] UP skipped down=True dragged=True sinceDrag=16644125
2026-08-03 14:05:16.730 [INFO] [Taskbar.Bounds] hwnd=0x100E2 iconRight=639 trayLeft=2253
2026-08-03 14:05:16.735 [INFO] [Taskbar.Bounds] hwnd=0x1012E iconRight=2660 trayLeft=5054
2026-08-03 14:05:16.824 [INFO] [Overlay.Click] DOWN screen=(1848,1427) mode=ProcessList
2026-08-03 14:05:17.268 [INFO] [Taskbar.Bounds] hwnd=0x100E2 iconRight=639 trayLeft=2253
2026-08-03 14:05:17.273 [INFO] [Taskbar.Bounds] hwnd=0x1012E iconRight=2660 trayLeft=5054
2026-08-03 14:05:17.798 [INFO] [Taskbar.Bounds] hwnd=0x100E2 iconRight=639 trayLeft=2253
2026-08-03 14:05:17.802 [INFO] [Taskbar.Bounds] hwnd=0x1012E iconRight=2660 trayLeft=5054
2026-08-03 14:05:18.057 [INFO] [Overlay.Click] UP skipped down=True dragged=True sinceDrag=1468
2026-08-03 14:05:18.332 [INFO] [Taskbar.Bounds] hwnd=0x100E2 iconRight=639 trayLeft=2253
2026-08-03 14:05:18.338 [INFO] [Taskbar.Bounds] hwnd=0x1012E iconRight=2660 trayLeft=5054
2026-08-03 14:05:18.392 [INFO] [Overlay.Click] DOWN screen=(2180,1419) mode=ProcessList
2026-08-03 14:05:18.611 [INFO] [Overlay.Click] UP skipped down=True dragged=True sinceDrag=563
2026-08-03 14:05:18.816 [INFO] [Overlay.Click] DOWN screen=(2033,1433) mode=ProcessList
2026-08-03 14:05:18.866 [INFO] [Taskbar.Bounds] hwnd=0x100E2 iconRight=639 trayLeft=2253
2026-08-03 14:05:18.872 [INFO] [Taskbar.Bounds] hwnd=0x1012E iconRight=2660 trayLeft=5054
2026-08-03 14:05:19.092 [INFO] [Taskbar.Bounds] hwnd=0x100E2 iconRight=639 trayLeft=2253
2026-08-03 14:05:19.097 [INFO] [Taskbar.Bounds] hwnd=0x1012E iconRight=2660 trayLeft=5054
2026-08-03 14:05:19.407 [INFO] [Taskbar.Bounds] hwnd=0x100E2 iconRight=639 trayLeft=2253
2026-08-03 14:05:19.413 [INFO] [Taskbar.Bounds] hwnd=0x1012E iconRight=2660 trayLeft=5054
2026-08-03 14:05:19.937 [INFO] [Taskbar.Bounds] hwnd=0x100E2 iconRight=639 trayLeft=2253
2026-08-03 14:05:19.945 [INFO] [Taskbar.Bounds] hwnd=0x1012E iconRight=2660 trayLeft=5054
2026-08-03 14:05:20.456 [INFO] [Taskbar.Bounds] hwnd=0x100E2 iconRight=639 trayLeft=2253
2026-08-03 14:05:20.462 [INFO] [Taskbar.Bounds] hwnd=0x1012E iconRight=2660 trayLeft=5054
2026-08-03 14:05:20.990 [INFO] [Taskbar.Bounds] hwnd=0x100E2 iconRight=639 trayLeft=2253
2026-08-03 14:05:20.996 [INFO] [Taskbar.Bounds] hwnd=0x1012E iconRight=2660 trayLeft=5054
2026-08-03 14:05:21.531 [INFO] [Taskbar.Bounds] hwnd=0x100E2 iconRight=639 trayLeft=2253
2026-08-03 14:05:21.536 [INFO] [Taskbar.Bounds] hwnd=0x1012E iconRight=2660 trayLeft=5054
2026-08-03 14:05:21.779 [INFO] [Overlay.Click] UP skipped down=True dragged=True sinceDrag=3156
2026-08-03 14:05:22.053 [INFO] [Taskbar.Bounds] hwnd=0x100E2 iconRight=639 trayLeft=2253
2026-08-03 14:05:22.058 [INFO] [Taskbar.Bounds] hwnd=0x1012E iconRight=2660 trayLeft=5054
2026-08-03 14:05:22.572 [INFO] [Taskbar.Bounds] hwnd=0x100E2 iconRight=639 trayLeft=2253
2026-08-03 14:05:22.576 [INFO] [Taskbar.Bounds] hwnd=0x1012E iconRight=2660 trayLeft=5054
2026-08-03 14:05:23.099 [INFO] [Taskbar.Bounds] hwnd=0x100E2 iconRight=639 trayLeft=2253
2026-08-03 14:05:23.104 [INFO] [Taskbar.Bounds] hwnd=0x1012E iconRight=2660 trayLeft=5054
2026-08-03 14:05:23.630 [INFO] [Taskbar.Bounds] hwnd=0x100E2 iconRight=639 trayLeft=2253
2026-08-03 14:05:23.635 [INFO] [Taskbar.Bounds] hwnd=0x1012E iconRight=2660 trayLeft=5054
2026-08-03 14:05:24.174 [INFO] [Taskbar.Bounds] hwnd=0x100E2 iconRight=639 trayLeft=2253
2026-08-03 14:05:24.178 [INFO] [Taskbar.Bounds] hwnd=0x1012E iconRight=2660 trayLeft=5054
2026-08-03 14:05:24.713 [INFO] [Taskbar.Bounds] hwnd=0x100E2 iconRight=639 trayLeft=2253
2026-08-03 14:05:24.718 [INFO] [Taskbar.Bounds] hwnd=0x1012E iconRight=2660 trayLeft=5054
2026-08-03 14:05:25.248 [INFO] [Taskbar.Bounds] hwnd=0x100E2 iconRight=639 trayLeft=2253
2026-08-03 14:05:25.254 [INFO] [Taskbar.Bounds] hwnd=0x1012E iconRight=2660 trayLeft=5054
2026-08-03 14:05:25.522 [INFO] [Taskbar.Bounds] hwnd=0x100E2 iconRight=639 trayLeft=2253
2026-08-03 14:05:25.526 [INFO] [Taskbar.Bounds] hwnd=0x1012E iconRight=2660 trayLeft=5054
2026-08-03 14:05:25.828 [INFO] [Taskbar.Bounds] hwnd=0x100E2 iconRight=639 trayLeft=2253
2026-08-03 14:05:25.832 [INFO] [Taskbar.Bounds] hwnd=0x1012E iconRight=2660 trayLeft=5054
2026-08-03 14:05:26.296 [INFO] [Taskbar.Bounds] hwnd=0x100E2 iconRight=639 trayLeft=2253
2026-08-03 14:05:26.301 [INFO] [Taskbar.Bounds] hwnd=0x1012E iconRight=2660 trayLeft=5054
2026-08-03 14:05:26.824 [INFO] [Taskbar.Bounds] hwnd=0x100E2 iconRight=639 trayLeft=2253
2026-08-03 14:05:26.829 [INFO] [Taskbar.Bounds] hwnd=0x1012E iconRight=2660 trayLeft=5054
2026-08-03 14:05:27.353 [INFO] [Taskbar.Bounds] hwnd=0x100E2 iconRight=639 trayLeft=2253
2026-08-03 14:05:27.360 [INFO] [Taskbar.Bounds] hwnd=0x1012E iconRight=2660 trayLeft=5054
2026-08-03 14:05:27.897 [INFO] [Taskbar.Bounds] hwnd=0x100E2 iconRight=639 trayLeft=2253
2026-08-03 14:05:27.902 [INFO] [Taskbar.Bounds] hwnd=0x1012E iconRight=2660 trayLeft=5054
2026-08-03 14:05:28.440 [INFO] [Taskbar.Bounds] hwnd=0x100E2 iconRight=639 trayLeft=2253
2026-08-03 14:05:28.444 [INFO] [Taskbar.Bounds] hwnd=0x1012E iconRight=2660 trayLeft=5054
2026-08-03 14:05:28.952 [INFO] [Taskbar.Bounds] hwnd=0x100E2 iconRight=639 trayLeft=2253
2026-08-03 14:05:28.957 [INFO] [Taskbar.Bounds] hwnd=0x1012E iconRight=2660 trayLeft=5054
2026-08-03 14:05:29.477 [INFO] [Taskbar.Bounds] hwnd=0x100E2 iconRight=639 trayLeft=2253
2026-08-03 14:05:29.481 [INFO] [Taskbar.Bounds] hwnd=0x1012E iconRight=2660 trayLeft=5054
2026-08-03 14:05:30.018 [INFO] [Taskbar.Bounds] hwnd=0x100E2 iconRight=639 trayLeft=2253
2026-08-03 14:05:30.023 [INFO] [Taskbar.Bounds] hwnd=0x1012E iconRight=2660 trayLeft=5054
2026-08-03 14:05:30.549 [INFO] [Taskbar.Bounds] hwnd=0x100E2 iconRight=639 trayLeft=2253
2026-08-03 14:05:30.554 [INFO] [Taskbar.Bounds] hwnd=0x1012E iconRight=2660 trayLeft=5054
2026-08-03 14:05:31.074 [INFO] [Taskbar.Bounds] hwnd=0x100E2 iconRight=639 trayLeft=2253
2026-08-03 14:05:31.079 [INFO] [Taskbar.Bounds] hwnd=0x1012E iconRight=2660 trayLeft=5054
2026-08-03 14:05:31.614 [INFO] [Taskbar.Bounds] hwnd=0x100E2 iconRight=639 trayLeft=2253
2026-08-03 14:05:31.618 [INFO] [Taskbar.Bounds] hwnd=0x1012E iconRight=2660 trayLeft=5054
2026-08-03 14:05:32.126 [INFO] [Taskbar.Bounds] hwnd=0x100E2 iconRight=639 trayLeft=2253
2026-08-03 14:05:32.131 [INFO] [Taskbar.Bounds] hwnd=0x1012E iconRight=2660 trayLeft=5054
2026-08-03 14:05:32.675 [INFO] [Taskbar.Bounds] hwnd=0x100E2 iconRight=639 trayLeft=2253
2026-08-03 14:05:32.681 [INFO] [Taskbar.Bounds] hwnd=0x1012E iconRight=2660 trayLeft=5054
2026-08-03 14:05:33.200 [INFO] [Taskbar.Bounds] hwnd=0x100E2 iconRight=639 trayLeft=2253
2026-08-03 14:05:33.203 [INFO] [Taskbar.Bounds] hwnd=0x1012E iconRight=2660 trayLeft=5054
2026-08-03 14:05:33.727 [INFO] [Taskbar.Bounds] hwnd=0x100E2 iconRight=639 trayLeft=2253
2026-08-03 14:05:33.731 [INFO] [Taskbar.Bounds] hwnd=0x1012E iconRight=2660 trayLeft=5054
2026-08-03 14:05:34.265 [INFO] [Taskbar.Bounds] hwnd=0x100E2 iconRight=639 trayLeft=2253
2026-08-03 14:05:34.269 [INFO] [Taskbar.Bounds] hwnd=0x1012E iconRight=2660 trayLeft=5054
2026-08-03 14:05:34.796 [INFO] [Taskbar.Bounds] hwnd=0x100E2 iconRight=639 trayLeft=2253
2026-08-03 14:05:34.803 [INFO] [Taskbar.Bounds] hwnd=0x1012E iconRight=2660 trayLeft=5054
2026-08-03 14:05:35.320 [INFO] [Taskbar.Bounds] hwnd=0x100E2 iconRight=639 trayLeft=2253
2026-08-03 14:05:35.324 [INFO] [Taskbar.Bounds] hwnd=0x1012E iconRight=2660 trayLeft=5054
2026-08-03 14:05:35.851 [INFO] [Taskbar.Bounds] hwnd=0x100E2 iconRight=639 trayLeft=2253
2026-08-03 14:05:35.855 [INFO] [Taskbar.Bounds] hwnd=0x1012E iconRight=2660 trayLeft=5054
2026-08-03 14:05:36.381 [INFO] [Taskbar.Bounds] hwnd=0x100E2 iconRight=639 trayLeft=2253
2026-08-03 14:05:36.385 [INFO] [Taskbar.Bounds] hwnd=0x1012E iconRight=2660 trayLeft=5054
2026-08-03 14:05:36.916 [INFO] [Taskbar.Bounds] hwnd=0x100E2 iconRight=639 trayLeft=2253
2026-08-03 14:05:36.921 [INFO] [Taskbar.Bounds] hwnd=0x1012E iconRight=2660 trayLeft=5054
2026-08-03 14:05:37.472 [INFO] [Taskbar.Bounds] hwnd=0x100E2 iconRight=639 trayLeft=2253
2026-08-03 14:05:37.477 [INFO] [Taskbar.Bounds] hwnd=0x1012E iconRight=2660 trayLeft=5054
2026-08-03 14:05:37.992 [INFO] [Taskbar.Bounds] hwnd=0x100E2 iconRight=639 trayLeft=2253
2026-08-03 14:05:37.997 [INFO] [Taskbar.Bounds] hwnd=0x1012E iconRight=2660 trayLeft=5054
2026-08-03 14:05:38.524 [INFO] [Taskbar.Bounds] hwnd=0x100E2 iconRight=639 trayLeft=2253
2026-08-03 14:05:38.530 [INFO] [Taskbar.Bounds] hwnd=0x1012E iconRight=2660 trayLeft=5054
2026-08-03 14:05:39.040 [INFO] [Taskbar.Bounds] hwnd=0x100E2 iconRight=639 trayLeft=2253
2026-08-03 14:05:39.044 [INFO] [Taskbar.Bounds] hwnd=0x1012E iconRight=2660 trayLeft=5054
2026-08-03 14:05:39.575 [INFO] [Taskbar.Bounds] hwnd=0x100E2 iconRight=639 trayLeft=2253
2026-08-03 14:05:39.580 [INFO] [Taskbar.Bounds] hwnd=0x1012E iconRight=2660 trayLeft=5054
2026-08-03 14:05:40.130 [INFO] [Taskbar.Bounds] hwnd=0x100E2 iconRight=639 trayLeft=2253
2026-08-03 14:05:40.134 [INFO] [Taskbar.Bounds] hwnd=0x1012E iconRight=2660 trayLeft=5054
2026-08-03 14:05:40.779 [INFO] [Taskbar.Bounds] hwnd=0x100E2 iconRight=639 trayLeft=2253
2026-08-03 14:05:40.791 [INFO] [Taskbar.Bounds] hwnd=0x1012E iconRight=2660 trayLeft=5054
2026-08-03 14:05:41.176 [INFO] [Taskbar.Bounds] hwnd=0x100E2 iconRight=639 trayLeft=2253
2026-08-03 14:05:41.181 [INFO] [Taskbar.Bounds] hwnd=0x1012E iconRight=2660 trayLeft=5054
2026-08-03 14:05:41.706 [INFO] [Taskbar.Bounds] hwnd=0x100E2 iconRight=639 trayLeft=2253
2026-08-03 14:05:41.710 [INFO] [Taskbar.Bounds] hwnd=0x1012E iconRight=2660 trayLeft=5054
2026-08-03 14:05:42.228 [INFO] [Taskbar.Bounds] hwnd=0x100E2 iconRight=639 trayLeft=2253
2026-08-03 14:05:42.242 [INFO] [Taskbar.Bounds] hwnd=0x1012E iconRight=2660 trayLeft=5054
2026-08-03 14:05:42.761 [INFO] [Taskbar.Bounds] hwnd=0x100E2 iconRight=639 trayLeft=2253
2026-08-03 14:05:42.765 [INFO] [Taskbar.Bounds] hwnd=0x1012E iconRight=2660 trayLeft=5054
2026-08-03 14:05:43.290 [INFO] [Taskbar.Bounds] hwnd=0x100E2 iconRight=639 trayLeft=2253
2026-08-03 14:05:43.293 [INFO] [Taskbar.Bounds] hwnd=0x1012E iconRight=2660 trayLeft=5054
2026-08-03 14:05:43.821 [INFO] [Taskbar.Bounds] hwnd=0x100E2 iconRight=639 trayLeft=2253
2026-08-03 14:05:43.825 [INFO] [Taskbar.Bounds] hwnd=0x1012E iconRight=2660 trayLeft=5054
2026-08-03 14:05:44.360 [INFO] [Taskbar.Bounds] hwnd=0x100E2 iconRight=639 trayLeft=2253
2026-08-03 14:05:44.365 [INFO] [Taskbar.Bounds] hwnd=0x1012E iconRight=2660 trayLeft=5054
2026-08-03 14:05:44.884 [INFO] [Taskbar.Bounds] hwnd=0x100E2 iconRight=639 trayLeft=2253
2026-08-03 14:05:44.890 [INFO] [Taskbar.Bounds] hwnd=0x1012E iconRight=2660 trayLeft=5054
2026-08-03 14:05:45.419 [INFO] [Taskbar.Bounds] hwnd=0x100E2 iconRight=639 trayLeft=2253
2026-08-03 14:05:45.425 [INFO] [Taskbar.Bounds] hwnd=0x1012E iconRight=2660 trayLeft=5054
2026-08-03 14:05:45.946 [INFO] [Taskbar.Bounds] hwnd=0x100E2 iconRight=639 trayLeft=2253
2026-08-03 14:05:45.950 [INFO] [Taskbar.Bounds] hwnd=0x1012E iconRight=2660 trayLeft=5054
2026-08-03 14:05:46.471 [INFO] [Taskbar.Bounds] hwnd=0x100E2 iconRight=639 trayLeft=2253
2026-08-03 14:05:46.476 [INFO] [Taskbar.Bounds] hwnd=0x1012E iconRight=2660 trayLeft=5054
2026-08-03 14:05:47.015 [INFO] [Taskbar.Bounds] hwnd=0x100E2 iconRight=639 trayLeft=2253
2026-08-03 14:05:47.021 [INFO] [Taskbar.Bounds] hwnd=0x1012E iconRight=2660 trayLeft=5054
2026-08-03 14:05:47.550 [INFO] [Taskbar.Bounds] hwnd=0x100E2 iconRight=639 trayLeft=2253
2026-08-03 14:05:47.555 [INFO] [Taskbar.Bounds] hwnd=0x1012E iconRight=2660 trayLeft=5054
2026-08-03 14:05:48.075 [INFO] [Taskbar.Bounds] hwnd=0x100E2 iconRight=639 trayLeft=2253
2026-08-03 14:05:48.081 [INFO] [Taskbar.Bounds] hwnd=0x1012E iconRight=2660 trayLeft=5054
2026-08-03 14:05:48.606 [INFO] [Taskbar.Bounds] hwnd=0x100E2 iconRight=639 trayLeft=2253
2026-08-03 14:05:48.612 [INFO] [Taskbar.Bounds] hwnd=0x1012E iconRight=2660 trayLeft=5054
2026-08-03 14:05:49.134 [INFO] [Taskbar.Bounds] hwnd=0x100E2 iconRight=639 trayLeft=2253
2026-08-03 14:05:49.138 [INFO] [Taskbar.Bounds] hwnd=0x1012E iconRight=2660 trayLeft=5054
2026-08-03 14:05:49.664 [INFO] [Taskbar.Bounds] hwnd=0x100E2 iconRight=639 trayLeft=2253
2026-08-03 14:05:49.668 [INFO] [Taskbar.Bounds] hwnd=0x1012E iconRight=2660 trayLeft=5054
2026-08-03 14:05:50.201 [INFO] [Taskbar.Bounds] hwnd=0x100E2 iconRight=639 trayLeft=2253
2026-08-03 14:05:50.205 [INFO] [Taskbar.Bounds] hwnd=0x1012E iconRight=2660 trayLeft=5054
2026-08-03 14:05:50.721 [INFO] [Taskbar.Bounds] hwnd=0x100E2 iconRight=639 trayLeft=2253
2026-08-03 14:05:50.725 [INFO] [Taskbar.Bounds] hwnd=0x1012E iconRight=2660 trayLeft=5054
2026-08-03 14:05:51.283 [INFO] [Taskbar.Bounds] hwnd=0x100E2 iconRight=639 trayLeft=2253
2026-08-03 14:05:51.289 [INFO] [Taskbar.Bounds] hwnd=0x1012E iconRight=2660 trayLeft=5054
2026-08-03 14:05:51.790 [INFO] [Taskbar.Bounds] hwnd=0x100E2 iconRight=639 trayLeft=2253
2026-08-03 14:05:51.794 [INFO] [Taskbar.Bounds] hwnd=0x1012E iconRight=2660 trayLeft=5054
2026-08-03 14:05:52.323 [INFO] [Taskbar.Bounds] hwnd=0x100E2 iconRight=639 trayLeft=2253
2026-08-03 14:05:52.326 [INFO] [Taskbar.Bounds] hwnd=0x1012E iconRight=2660 trayLeft=5054
2026-08-03 14:05:52.854 [INFO] [Taskbar.Bounds] hwnd=0x100E2 iconRight=639 trayLeft=2253
2026-08-03 14:05:52.859 [INFO] [Taskbar.Bounds] hwnd=0x1012E iconRight=2660 trayLeft=5054
2026-08-03 14:05:53.388 [INFO] [Taskbar.Bounds] hwnd=0x100E2 iconRight=639 trayLeft=2253
2026-08-03 14:05:53.392 [INFO] [Taskbar.Bounds] hwnd=0x1012E iconRight=2660 trayLeft=5054
2026-08-03 14:05:53.918 [INFO] [Taskbar.Bounds] hwnd=0x100E2 iconRight=639 trayLeft=2253
2026-08-03 14:05:53.921 [INFO] [Taskbar.Bounds] hwnd=0x1012E iconRight=2660 trayLeft=5054
2026-08-03 14:05:54.445 [INFO] [Taskbar.Bounds] hwnd=0x100E2 iconRight=639 trayLeft=2253
2026-08-03 14:05:54.450 [INFO] [Taskbar.Bounds] hwnd=0x1012E iconRight=2660 trayLeft=5054
2026-08-03 14:05:54.979 [INFO] [Taskbar.Bounds] hwnd=0x100E2 iconRight=639 trayLeft=2253
2026-08-03 14:05:54.984 [INFO] [Taskbar.Bounds] hwnd=0x1012E iconRight=2660 trayLeft=5054
2026-08-03 14:05:55.505 [INFO] [Taskbar.Bounds] hwnd=0x100E2 iconRight=639 trayLeft=2253
2026-08-03 14:05:55.509 [INFO] [Taskbar.Bounds] hwnd=0x1012E iconRight=2660 trayLeft=5054
2026-08-03 14:05:56.036 [INFO] [Taskbar.Bounds] hwnd=0x100E2 iconRight=639 trayLeft=2253
2026-08-03 14:05:56.040 [INFO] [Taskbar.Bounds] hwnd=0x1012E iconRight=2660 trayLeft=5054
2026-08-03 14:05:56.565 [INFO] [Taskbar.Bounds] hwnd=0x100E2 iconRight=639 trayLeft=2253
2026-08-03 14:05:56.571 [INFO] [Taskbar.Bounds] hwnd=0x1012E iconRight=2660 trayLeft=5054
2026-08-03 14:05:57.095 [INFO] [Taskbar.Bounds] hwnd=0x100E2 iconRight=639 trayLeft=2253
2026-08-03 14:05:57.098 [INFO] [Taskbar.Bounds] hwnd=0x1012E iconRight=2660 trayLeft=5054
2026-08-03 14:05:57.642 [INFO] [Taskbar.Bounds] hwnd=0x100E2 iconRight=639 trayLeft=2253
2026-08-03 14:05:57.646 [INFO] [Taskbar.Bounds] hwnd=0x1012E iconRight=2660 trayLeft=5054
2026-08-03 14:05:58.165 [INFO] [Taskbar.Bounds] hwnd=0x100E2 iconRight=639 trayLeft=2253
2026-08-03 14:05:58.171 [INFO] [Taskbar.Bounds] hwnd=0x1012E iconRight=2660 trayLeft=5054
2026-08-03 14:05:58.706 [INFO] [Taskbar.Bounds] hwnd=0x100E2 iconRight=639 trayLeft=2253
2026-08-03 14:05:58.710 [INFO] [Taskbar.Bounds] hwnd=0x1012E iconRight=2660 trayLeft=5054
2026-08-03 14:05:59.232 [INFO] [Taskbar.Bounds] hwnd=0x100E2 iconRight=639 trayLeft=2253
2026-08-03 14:05:59.238 [INFO] [Taskbar.Bounds] hwnd=0x1012E iconRight=2660 trayLeft=5054
2026-08-03 14:05:59.763 [INFO] [Taskbar.Bounds] hwnd=0x100E2 iconRight=639 trayLeft=2253
2026-08-03 14:05:59.766 [INFO] [Taskbar.Bounds] hwnd=0x1012E iconRight=2660 trayLeft=5054
2026-08-03 14:06:00.287 [INFO] [Taskbar.Bounds] hwnd=0x100E2 iconRight=639 trayLeft=2253
2026-08-03 14:06:00.292 [INFO] [Taskbar.Bounds] hwnd=0x1012E iconRight=2660 trayLeft=5054
2026-08-03 14:06:00.849 [INFO] [Taskbar.Bounds] hwnd=0x100E2 iconRight=639 trayLeft=2253
2026-08-03 14:06:00.853 [INFO] [Taskbar.Bounds] hwnd=0x1012E iconRight=2660 trayLeft=5054
2026-08-03 14:06:01.367 [INFO] [Taskbar.Bounds] hwnd=0x100E2 iconRight=639 trayLeft=2253
2026-08-03 14:06:01.373 [INFO] [Taskbar.Bounds] hwnd=0x1012E iconRight=2660 trayLeft=5054
2026-08-03 14:06:01.894 [INFO] [Taskbar.Bounds] hwnd=0x100E2 iconRight=639 trayLeft=2253
2026-08-03 14:06:01.899 [INFO] [Taskbar.Bounds] hwnd=0x1012E iconRight=2660 trayLeft=5054
2026-08-03 14:06:02.420 [INFO] [Taskbar.Bounds] hwnd=0x100E2 iconRight=639 trayLeft=2253
2026-08-03 14:06:02.425 [INFO] [Taskbar.Bounds] hwnd=0x1012E iconRight=2660 trayLeft=5054
2026-08-03 14:06:02.974 [INFO] [Taskbar.Bounds] hwnd=0x100E2 iconRight=639 trayLeft=2253
2026-08-03 14:06:02.979 [INFO] [Taskbar.Bounds] hwnd=0x1012E iconRight=2660 trayLeft=5054
2026-08-03 14:06:03.486 [INFO] [Taskbar.Bounds] hwnd=0x100E2 iconRight=639 trayLeft=2253
2026-08-03 14:06:03.492 [INFO] [Taskbar.Bounds] hwnd=0x1012E iconRight=2660 trayLeft=5054
2026-08-03 14:06:04.016 [INFO] [Taskbar.Bounds] hwnd=0x100E2 iconRight=639 trayLeft=2253
2026-08-03 14:06:04.019 [INFO] [Taskbar.Bounds] hwnd=0x1012E iconRight=2660 trayLeft=5054
2026-08-03 14:06:04.545 [INFO] [Taskbar.Bounds] hwnd=0x100E2 iconRight=639 trayLeft=2253
2026-08-03 14:06:04.549 [INFO] [Taskbar.Bounds] hwnd=0x1012E iconRight=2660 trayLeft=5054
2026-08-03 14:06:05.078 [INFO] [Taskbar.Bounds] hwnd=0x100E2 iconRight=639 trayLeft=2253
2026-08-03 14:06:05.083 [INFO] [Taskbar.Bounds] hwnd=0x1012E iconRight=2660 trayLeft=5054
2026-08-03 14:06:05.616 [INFO] [Taskbar.Bounds] hwnd=0x100E2 iconRight=639 trayLeft=2253
2026-08-03 14:06:05.621 [INFO] [Taskbar.Bounds] hwnd=0x1012E iconRight=2660 trayLeft=5054
2026-08-03 14:06:06.126 [INFO] [Taskbar.Bounds] hwnd=0x100E2 iconRight=639 trayLeft=2253
2026-08-03 14:06:06.132 [INFO] [Taskbar.Bounds] hwnd=0x1012E iconRight=2660 trayLeft=5054
2026-08-03 14:06:06.663 [INFO] [Taskbar.Bounds] hwnd=0x100E2 iconRight=639 trayLeft=2253
2026-08-03 14:06:06.668 [INFO] [Taskbar.Bounds] hwnd=0x1012E iconRight=2660 trayLeft=5054
2026-08-03 14:06:07.193 [INFO] [Taskbar.Bounds] hwnd=0x100E2 iconRight=639 trayLeft=2253
2026-08-03 14:06:07.198 [INFO] [Taskbar.Bounds] hwnd=0x1012E iconRight=2660 trayLeft=5054
2026-08-03 14:06:07.742 [INFO] [Taskbar.Bounds] hwnd=0x100E2 iconRight=639 trayLeft=2253
2026-08-03 14:06:07.746 [INFO] [Taskbar.Bounds] hwnd=0x1012E iconRight=2660 trayLeft=5054
2026-08-03 14:06:08.266 [INFO] [Taskbar.Bounds] hwnd=0x100E2 iconRight=639 trayLeft=2253
2026-08-03 14:06:08.270 [INFO] [Taskbar.Bounds] hwnd=0x1012E iconRight=2660 trayLeft=5054
2026-08-03 14:06:08.804 [INFO] [Taskbar.Bounds] hwnd=0x100E2 iconRight=639 trayLeft=2253
2026-08-03 14:06:08.808 [INFO] [Taskbar.Bounds] hwnd=0x1012E iconRight=2660 trayLeft=5054
2026-08-03 14:06:09.332 [INFO] [Taskbar.Bounds] hwnd=0x100E2 iconRight=639 trayLeft=2253
2026-08-03 14:06:09.336 [INFO] [Taskbar.Bounds] hwnd=0x1012E iconRight=2660 trayLeft=5054
2026-08-03 14:06:09.900 [INFO] [Taskbar.Bounds] hwnd=0x100E2 iconRight=639 trayLeft=2253
2026-08-03 14:06:09.905 [INFO] [Taskbar.Bounds] hwnd=0x1012E iconRight=2660 trayLeft=5054
2026-08-03 14:06:10.390 [INFO] [Taskbar.Bounds] hwnd=0x100E2 iconRight=639 trayLeft=2253
2026-08-03 14:06:10.394 [INFO] [Taskbar.Bounds] hwnd=0x1012E iconRight=2660 trayLeft=5054
2026-08-03 14:06:10.759 [INFO] [Overlay.Click] DOWN screen=(2134,1432) mode=ProcessList
2026-08-03 14:06:10.946 [INFO] [Taskbar.Bounds] hwnd=0x100E2 iconRight=639 trayLeft=2253
2026-08-03 14:06:10.951 [INFO] [Taskbar.Bounds] hwnd=0x1012E iconRight=2660 trayLeft=5054
2026-08-03 14:06:11.452 [INFO] [Taskbar.Bounds] hwnd=0x100E2 iconRight=639 trayLeft=2253
2026-08-03 14:06:11.457 [INFO] [Taskbar.Bounds] hwnd=0x1012E iconRight=2660 trayLeft=5054
2026-08-03 14:06:11.978 [INFO] [Taskbar.Bounds] hwnd=0x100E2 iconRight=639 trayLeft=2253
2026-08-03 14:06:11.982 [INFO] [Taskbar.Bounds] hwnd=0x1012E iconRight=2660 trayLeft=5054
2026-08-03 14:06:12.521 [INFO] [Taskbar.Bounds] hwnd=0x100E2 iconRight=639 trayLeft=2253
2026-08-03 14:06:12.525 [INFO] [Taskbar.Bounds] hwnd=0x1012E iconRight=2660 trayLeft=5054
2026-08-03 14:06:12.695 [INFO] [Overlay.Click] UP skipped down=True dragged=True sinceDrag=50922
2026-08-03 14:06:13.014 [INFO] [Overlay.Click] DOWN screen=(2217,1420) mode=ProcessList
2026-08-03 14:06:13.060 [INFO] [Taskbar.Bounds] hwnd=0x100E2 iconRight=639 trayLeft=2253
2026-08-03 14:06:13.067 [INFO] [Taskbar.Bounds] hwnd=0x1012E iconRight=2660 trayLeft=5054
2026-08-03 14:06:13.587 [INFO] [Taskbar.Bounds] hwnd=0x100E2 iconRight=639 trayLeft=2253
2026-08-03 14:06:13.590 [INFO] [Taskbar.Bounds] hwnd=0x1012E iconRight=2660 trayLeft=5054
2026-08-03 14:06:14.110 [INFO] [Taskbar.Bounds] hwnd=0x100E2 iconRight=639 trayLeft=2253
2026-08-03 14:06:14.118 [INFO] [Taskbar.Bounds] hwnd=0x1012E iconRight=2660 trayLeft=5054
2026-08-03 14:06:14.659 [INFO] [Taskbar.Bounds] hwnd=0x100E2 iconRight=639 trayLeft=2253
2026-08-03 14:06:14.665 [INFO] [Taskbar.Bounds] hwnd=0x1012E iconRight=2660 trayLeft=5054
2026-08-03 14:06:15.176 [INFO] [Taskbar.Bounds] hwnd=0x100E2 iconRight=639 trayLeft=2253
2026-08-03 14:06:15.181 [INFO] [Taskbar.Bounds] hwnd=0x1012E iconRight=2660 trayLeft=5054
2026-08-03 14:06:15.728 [INFO] [Taskbar.Bounds] hwnd=0x100E2 iconRight=639 trayLeft=2253
2026-08-03 14:06:15.733 [INFO] [Taskbar.Bounds] hwnd=0x1012E iconRight=2660 trayLeft=5054
2026-08-03 14:06:16.231 [INFO] [Taskbar.Bounds] hwnd=0x100E2 iconRight=639 trayLeft=2253
2026-08-03 14:06:16.238 [INFO] [Taskbar.Bounds] hwnd=0x1012E iconRight=2660 trayLeft=5054
2026-08-03 14:06:16.774 [INFO] [Taskbar.Bounds] hwnd=0x100E2 iconRight=639 trayLeft=2253
2026-08-03 14:06:16.778 [INFO] [Taskbar.Bounds] hwnd=0x1012E iconRight=2660 trayLeft=5054
2026-08-03 14:06:17.312 [INFO] [Taskbar.Bounds] hwnd=0x100E2 iconRight=639 trayLeft=2253
2026-08-03 14:06:17.319 [INFO] [Taskbar.Bounds] hwnd=0x1012E iconRight=2660 trayLeft=5054
2026-08-03 14:06:17.830 [INFO] [Taskbar.Bounds] hwnd=0x100E2 iconRight=639 trayLeft=2253
2026-08-03 14:06:17.834 [INFO] [Taskbar.Bounds] hwnd=0x1012E iconRight=2660 trayLeft=5054
2026-08-03 14:06:18.361 [INFO] [Taskbar.Bounds] hwnd=0x100E2 iconRight=639 trayLeft=2253
2026-08-03 14:06:18.366 [INFO] [Taskbar.Bounds] hwnd=0x1012E iconRight=2660 trayLeft=5054
2026-08-03 14:06:18.909 [INFO] [Taskbar.Bounds] hwnd=0x100E2 iconRight=639 trayLeft=2253
2026-08-03 14:06:18.914 [INFO] [Taskbar.Bounds] hwnd=0x1012E iconRight=2660 trayLeft=5054
2026-08-03 14:06:19.428 [INFO] [Taskbar.Bounds] hwnd=0x100E2 iconRight=639 trayLeft=2253
2026-08-03 14:06:19.434 [INFO] [Taskbar.Bounds] hwnd=0x1012E iconRight=2660 trayLeft=5054
2026-08-03 14:06:19.949 [INFO] [Taskbar.Bounds] hwnd=0x100E2 iconRight=639 trayLeft=2253
2026-08-03 14:06:19.954 [INFO] [Taskbar.Bounds] hwnd=0x1012E iconRight=2660 trayLeft=5054
2026-08-03 14:06:20.512 [INFO] [Taskbar.Bounds] hwnd=0x100E2 iconRight=639 trayLeft=2253
2026-08-03 14:06:20.516 [INFO] [Taskbar.Bounds] hwnd=0x1012E iconRight=2660 trayLeft=5054
2026-08-03 14:06:21.031 [INFO] [Taskbar.Bounds] hwnd=0x100E2 iconRight=639 trayLeft=2253
2026-08-03 14:06:21.039 [INFO] [Taskbar.Bounds] hwnd=0x1012E iconRight=2660 trayLeft=5054
2026-08-03 14:06:21.548 [INFO] [Taskbar.Bounds] hwnd=0x100E2 iconRight=639 trayLeft=2253
2026-08-03 14:06:21.554 [INFO] [Taskbar.Bounds] hwnd=0x1012E iconRight=2660 trayLeft=5054
2026-08-03 14:06:22.085 [INFO] [Taskbar.Bounds] hwnd=0x100E2 iconRight=639 trayLeft=2253
2026-08-03 14:06:22.089 [INFO] [Taskbar.Bounds] hwnd=0x1012E iconRight=2660 trayLeft=5054
2026-08-03 14:06:22.618 [INFO] [Taskbar.Bounds] hwnd=0x100E2 iconRight=639 trayLeft=2253
2026-08-03 14:06:22.622 [INFO] [Taskbar.Bounds] hwnd=0x1012E iconRight=2660 trayLeft=5054
2026-08-03 14:06:22.966 [INFO] [Overlay.Click] UP skipped down=True dragged=True sinceDrag=10266
2026-08-03 14:06:23.150 [INFO] [Taskbar.Bounds] hwnd=0x100E2 iconRight=639 trayLeft=2253
2026-08-03 14:06:23.154 [INFO] [Taskbar.Bounds] hwnd=0x1012E iconRight=2660 trayLeft=5054
2026-08-03 14:06:23.242 [INFO] [Overlay.Click] DOWN screen=(1575,1424) mode=ProcessList
2026-08-03 14:06:23.639 [INFO] [Overlay.Click] UP skipped down=True dragged=True sinceDrag=671
2026-08-03 14:06:23.683 [INFO] [Taskbar.Bounds] hwnd=0x100E2 iconRight=639 trayLeft=2253
2026-08-03 14:06:23.688 [INFO] [Taskbar.Bounds] hwnd=0x1012E iconRight=2660 trayLeft=5054
2026-08-03 14:06:24.207 [INFO] [Taskbar.Bounds] hwnd=0x100E2 iconRight=639 trayLeft=2253
2026-08-03 14:06:24.213 [INFO] [Taskbar.Bounds] hwnd=0x1012E iconRight=2660 trayLeft=5054
2026-08-03 14:06:24.738 [INFO] [Taskbar.Bounds] hwnd=0x100E2 iconRight=639 trayLeft=2253
2026-08-03 14:06:24.743 [INFO] [Taskbar.Bounds] hwnd=0x1012E iconRight=2660 trayLeft=5054
2026-08-03 14:06:24.842 [INFO] [Overlay.Click] DOWN screen=(2163,1425) mode=ProcessList
2026-08-03 14:06:24.996 [INFO] [Overlay.Click] UP skipped down=True dragged=True sinceDrag=1360
2026-08-03 14:06:25.260 [INFO] [Taskbar.Bounds] hwnd=0x100E2 iconRight=639 trayLeft=2253
2026-08-03 14:06:25.266 [INFO] [Taskbar.Bounds] hwnd=0x1012E iconRight=2660 trayLeft=5054
2026-08-03 14:06:25.426 [INFO] [Overlay.Click] DOWN screen=(1702,1407) mode=ProcessList
2026-08-03 14:06:25.617 [INFO] [Overlay.Click] UP skipped down=True dragged=True sinceDrag=562
2026-08-03 14:06:25.794 [INFO] [Taskbar.Bounds] hwnd=0x100E2 iconRight=639 trayLeft=2253
2026-08-03 14:06:25.799 [INFO] [Taskbar.Bounds] hwnd=0x1012E iconRight=2660 trayLeft=5054
2026-08-03 14:06:25.970 [INFO] [Overlay.Click] DOWN screen=(2174,1435) mode=ProcessList
2026-08-03 14:06:26.108 [INFO] [Overlay.Click] UP skipped down=True dragged=True sinceDrag=547
2026-08-03 14:06:26.321 [INFO] [Taskbar.Bounds] hwnd=0x100E2 iconRight=639 trayLeft=2253
2026-08-03 14:06:26.326 [INFO] [Taskbar.Bounds] hwnd=0x1012E iconRight=2660 trayLeft=5054
2026-08-03 14:06:26.418 [INFO] [Overlay.Click] DOWN screen=(1629,1432) mode=ProcessList
2026-08-03 14:06:26.587 [INFO] [Overlay.Click] UP skipped down=True dragged=True sinceDrag=485
2026-08-03 14:06:26.873 [INFO] [Taskbar.Bounds] hwnd=0x100E2 iconRight=639 trayLeft=2253
2026-08-03 14:06:26.880 [INFO] [Taskbar.Bounds] hwnd=0x1012E iconRight=2660 trayLeft=5054
2026-08-03 14:06:27.395 [INFO] [Taskbar.Bounds] hwnd=0x100E2 iconRight=639 trayLeft=2253
2026-08-03 14:06:27.400 [INFO] [Taskbar.Bounds] hwnd=0x1012E iconRight=2660 trayLeft=5054
2026-08-03 14:06:27.840 [INFO] [Overlay.Click] DOWN screen=(1355,1412) mode=ProcessList
2026-08-03 14:06:27.932 [INFO] [Taskbar.Bounds] hwnd=0x100E2 iconRight=639 trayLeft=2253
2026-08-03 14:06:27.937 [INFO] [Taskbar.Bounds] hwnd=0x1012E iconRight=2660 trayLeft=5054
2026-08-03 14:06:28.464 [INFO] [Taskbar.Bounds] hwnd=0x100E2 iconRight=639 trayLeft=2253
2026-08-03 14:06:28.468 [INFO] [Taskbar.Bounds] hwnd=0x1012E iconRight=2660 trayLeft=5054
2026-08-03 14:06:28.994 [INFO] [Taskbar.Bounds] hwnd=0x100E2 iconRight=639 trayLeft=2253
2026-08-03 14:06:28.999 [INFO] [Taskbar.Bounds] hwnd=0x1012E iconRight=2660 trayLeft=5054
2026-08-03 14:06:29.213 [INFO] [Overlay.Click] UP skipped down=True dragged=True sinceDrag=2625
2026-08-03 14:06:29.515 [INFO] [Taskbar.Bounds] hwnd=0x100E2 iconRight=639 trayLeft=2253
2026-08-03 14:06:29.521 [INFO] [Taskbar.Bounds] hwnd=0x1012E iconRight=2660 trayLeft=5054
2026-08-03 14:06:29.562 [INFO] [Overlay.Click] DOWN screen=(2146,1417) mode=ProcessList
2026-08-03 14:06:29.626 [INFO] [Overlay.Click] UP → ToggleProcessList
2026-08-03 14:06:29.627 [INFO] [ProcessList] open
2026-08-03 14:06:29.640 [INFO] [ProcessList.Pos] overlay=(1938,1400)-(2249,1439) popup=(1783,700) 620x696 workBottom=1396 dpi=1
2026-08-03 14:06:29.675 [INFO] [ProcessList.Pos] overlay=(1938,1400)-(2249,1439) popup=(1783,700) 620x696 workBottom=1396 dpi=1
2026-08-03 14:06:29.702 [INFO] [ProcessList.Pos] overlay=(1938,1400)-(2249,1439) popup=(1783,700) 620x696 workBottom=1396 dpi=1
2026-08-03 14:06:29.859 [INFO] [Taskbar.Bounds] hwnd=0x100E2 iconRight=639 trayLeft=2253
2026-08-03 14:06:29.865 [INFO] [Taskbar.Bounds] hwnd=0x1012E iconRight=2660 trayLeft=5054
2026-08-03 14:06:32.576 [INFO] [ProcessList.Pos] overlay=(1938,1400)-(2249,1439) popup=(1783,700) 620x696 workBottom=1396 dpi=1
2026-08-03 14:06:32.580 [INFO] [Overlay.Click] DOWN screen=(1229,1297) mode=ProcessList
2026-08-03 14:06:32.750 [INFO] [Taskbar.Bounds] hwnd=0x100E2 iconRight=639 trayLeft=2253
2026-08-03 14:06:32.754 [INFO] [Taskbar.Bounds] hwnd=0x1012E iconRight=2660 trayLeft=5054
2026-08-03 14:06:33.099 [INFO] [Taskbar.Bounds] hwnd=0x100E2 iconRight=639 trayLeft=2253
2026-08-03 14:06:33.105 [INFO] [Taskbar.Bounds] hwnd=0x1012E iconRight=2660 trayLeft=5054
2026-08-03 14:06:33.230 [INFO] [Taskbar.Bounds] hwnd=0x100E2 iconRight=639 trayLeft=2253
2026-08-03 14:06:33.234 [INFO] [Taskbar.Bounds] hwnd=0x1012E iconRight=2660 trayLeft=5054
2026-08-03 14:06:33.378 [INFO] [Overlay.Click] UP → ToggleProcessList
2026-08-03 14:06:33.378 [INFO] [ProcessList] open
2026-08-03 14:06:33.380 [INFO] [ProcessList.Pos] overlay=(1938,1400)-(2249,1439) popup=(1783,700) 620x696 workBottom=1396 dpi=1
2026-08-03 14:06:33.402 [INFO] [ProcessList.Pos] overlay=(1938,1400)-(2249,1439) popup=(1783,700) 620x696 workBottom=1396 dpi=1
2026-08-03 14:06:33.432 [INFO] [ProcessList.Pos] overlay=(1938,1400)-(2249,1439) popup=(1783,700) 620x696 workBottom=1396 dpi=1
2026-08-03 14:06:33.440 [INFO] [ProcessList.Pos] overlay=(1938,1400)-(2249,1439) popup=(1783,700) 620x696 workBottom=1396 dpi=1
2026-08-03 14:06:33.594 [INFO] [Taskbar.Bounds] hwnd=0x100E2 iconRight=639 trayLeft=2253
2026-08-03 14:06:33.600 [INFO] [Taskbar.Bounds] hwnd=0x1012E iconRight=2660 trayLeft=5054
2026-08-03 14:06:33.762 [INFO] [Taskbar.Bounds] hwnd=0x100E2 iconRight=639 trayLeft=2253
2026-08-03 14:06:33.767 [INFO] [Taskbar.Bounds] hwnd=0x1012E iconRight=2660 trayLeft=5054
2026-08-03 14:06:34.150 [INFO] [Overlay.Click] DOWN screen=(2067,1407) mode=ProcessList
2026-08-03 14:06:34.173 [INFO] [ProcessList.Pos] overlay=(1936,1400)-(2247,1439) popup=(1781,700) 620x696 workBottom=1396 dpi=1
2026-08-03 14:06:34.190 [INFO] [ProcessList.Pos] overlay=(1925,1400)-(2236,1439) popup=(1770,700) 620x696 workBottom=1396 dpi=1
2026-08-03 14:06:34.205 [INFO] [ProcessList.Pos] overlay=(1896,1400)-(2207,1439) popup=(1741,700) 620x696 workBottom=1396 dpi=1
2026-08-03 14:06:34.220 [INFO] [ProcessList.Pos] overlay=(1849,1400)-(2160,1439) popup=(1694,700) 620x696 workBottom=1396 dpi=1
2026-08-03 14:06:34.238 [INFO] [ProcessList.Pos] overlay=(1780,1400)-(2091,1439) popup=(1625,700) 620x696 workBottom=1396 dpi=1
2026-08-03 14:06:34.253 [INFO] [ProcessList.Pos] overlay=(1699,1400)-(2010,1439) popup=(1544,700) 620x696 workBottom=1396 dpi=1
2026-08-03 14:06:34.269 [INFO] [ProcessList.Pos] overlay=(1604,1400)-(1915,1439) popup=(1449,700) 620x696 workBottom=1396 dpi=1
2026-08-03 14:06:34.285 [INFO] [ProcessList.Pos] overlay=(1512,1400)-(1823,1439) popup=(1357,700) 620x696 workBottom=1396 dpi=1
2026-08-03 14:06:34.300 [INFO] [ProcessList.Pos] overlay=(1437,1400)-(1748,1439) popup=(1282,700) 620x696 workBottom=1396 dpi=1
2026-08-03 14:06:34.301 [INFO] [Taskbar.Bounds] hwnd=0x100E2 iconRight=639 trayLeft=2253
2026-08-03 14:06:34.307 [INFO] [Taskbar.Bounds] hwnd=0x1012E iconRight=2660 trayLeft=5054
2026-08-03 14:06:34.316 [INFO] [ProcessList.Pos] overlay=(1371,1400)-(1682,1439) popup=(1216,700) 620x696 workBottom=1396 dpi=1
2026-08-03 14:06:34.331 [INFO] [ProcessList.Pos] overlay=(1320,1400)-(1631,1439) popup=(1165,700) 620x696 workBottom=1396 dpi=1
2026-08-03 14:06:34.346 [INFO] [ProcessList.Pos] overlay=(1282,1400)-(1593,1439) popup=(1127,700) 620x696 workBottom=1396 dpi=1
2026-08-03 14:06:34.363 [INFO] [ProcessList.Pos] overlay=(1249,1400)-(1560,1439) popup=(1094,700) 620x696 workBottom=1396 dpi=1
2026-08-03 14:06:34.378 [INFO] [ProcessList.Pos] overlay=(1225,1400)-(1536,1439) popup=(1070,700) 620x696 workBottom=1396 dpi=1
2026-08-03 14:06:34.393 [INFO] [ProcessList.Pos] overlay=(1205,1400)-(1516,1439) popup=(1050,700) 620x696 workBottom=1396 dpi=1
2026-08-03 14:06:34.408 [INFO] [ProcessList.Pos] overlay=(1189,1400)-(1500,1439) popup=(1034,700) 620x696 workBottom=1396 dpi=1
2026-08-03 14:06:34.426 [INFO] [ProcessList.Pos] overlay=(1177,1400)-(1488,1439) popup=(1022,700) 620x696 workBottom=1396 dpi=1
2026-08-03 14:06:34.440 [INFO] [ProcessList.Pos] overlay=(1167,1400)-(1478,1439) popup=(1012,700) 620x696 workBottom=1396 dpi=1
2026-08-03 14:06:34.454 [INFO] [ProcessList.Pos] overlay=(1159,1400)-(1470,1439) popup=(1004,700) 620x696 workBottom=1396 dpi=1
2026-08-03 14:06:34.471 [INFO] [ProcessList.Pos] overlay=(1153,1400)-(1464,1439) popup=(998,700) 620x696 workBottom=1396 dpi=1
2026-08-03 14:06:34.486 [INFO] [ProcessList.Pos] overlay=(1149,1400)-(1460,1439) popup=(994,700) 620x696 workBottom=1396 dpi=1
2026-08-03 14:06:34.502 [INFO] [ProcessList.Pos] overlay=(1145,1400)-(1456,1439) popup=(990,700) 620x696 workBottom=1396 dpi=1
2026-08-03 14:06:34.518 [INFO] [ProcessList.Pos] overlay=(1142,1400)-(1453,1439) popup=(987,700) 620x696 workBottom=1396 dpi=1
2026-08-03 14:06:34.533 [INFO] [ProcessList.Pos] overlay=(1141,1400)-(1452,1439) popup=(986,700) 620x696 workBottom=1396 dpi=1
2026-08-03 14:06:34.629 [INFO] [ProcessList.Pos] overlay=(1156,1400)-(1467,1439) popup=(1001,700) 620x696 workBottom=1396 dpi=1
2026-08-03 14:06:34.631 [INFO] [ProcessList.Pos] overlay=(1313,1400)-(1624,1439) popup=(1158,700) 620x696 workBottom=1396 dpi=1
2026-08-03 14:06:34.642 [INFO] [ProcessList.Pos] overlay=(1447,1400)-(1758,1439) popup=(1292,700) 620x696 workBottom=1396 dpi=1
2026-08-03 14:06:34.664 [INFO] [ProcessList.Pos] overlay=(1551,1400)-(1862,1439) popup=(1396,700) 620x696 workBottom=1396 dpi=1
2026-08-03 14:06:34.675 [INFO] [ProcessList.Pos] overlay=(1629,1400)-(1940,1439) popup=(1474,700) 620x696 workBottom=1396 dpi=1
2026-08-03 14:06:34.693 [INFO] [ProcessList.Pos] overlay=(1695,1400)-(2006,1439) popup=(1540,700) 620x696 workBottom=1396 dpi=1
2026-08-03 14:06:34.706 [INFO] [ProcessList.Pos] overlay=(1747,1400)-(2058,1439) popup=(1592,700) 620x696 workBottom=1396 dpi=1
2026-08-03 14:06:34.720 [INFO] [ProcessList.Pos] overlay=(1785,1400)-(2096,1439) popup=(1630,700) 620x696 workBottom=1396 dpi=1
2026-08-03 14:06:34.736 [INFO] [ProcessList.Pos] overlay=(1818,1400)-(2129,1439) popup=(1663,700) 620x696 workBottom=1396 dpi=1
2026-08-03 14:06:34.752 [INFO] [ProcessList.Pos] overlay=(1842,1400)-(2153,1439) popup=(1687,700) 620x696 workBottom=1396 dpi=1
2026-08-03 14:06:34.771 [INFO] [ProcessList.Pos] overlay=(1863,1400)-(2174,1439) popup=(1708,700) 620x696 workBottom=1396 dpi=1
2026-08-03 14:06:34.782 [INFO] [ProcessList.Pos] overlay=(1879,1400)-(2190,1439) popup=(1724,700) 620x696 workBottom=1396 dpi=1
2026-08-03 14:06:34.803 [INFO] [ProcessList.Pos] overlay=(1860,1400)-(2171,1439) popup=(1705,700) 620x696 workBottom=1396 dpi=1
2026-08-03 14:06:34.814 [INFO] [ProcessList.Pos] overlay=(1831,1400)-(2142,1439) popup=(1676,700) 620x696 workBottom=1396 dpi=1
2026-08-03 14:06:34.831 [INFO] [ProcessList.Pos] overlay=(1784,1400)-(2095,1439) popup=(1629,700) 620x696 workBottom=1396 dpi=1
2026-08-03 14:06:34.847 [INFO] [ProcessList.Pos] overlay=(1727,1400)-(2038,1439) popup=(1572,700) 620x696 workBottom=1396 dpi=1
2026-08-03 14:06:34.848 [INFO] [Taskbar.Bounds] hwnd=0x100E2 iconRight=639 trayLeft=2253
2026-08-03 14:06:34.854 [INFO] [Taskbar.Bounds] hwnd=0x1012E iconRight=2660 trayLeft=5054
2026-08-03 14:06:34.864 [INFO] [ProcessList.Pos] overlay=(1668,1400)-(1979,1439) popup=(1513,700) 620x696 workBottom=1396 dpi=1
2026-08-03 14:06:34.879 [INFO] [ProcessList.Pos] overlay=(1619,1400)-(1930,1439) popup=(1464,700) 620x696 workBottom=1396 dpi=1
2026-08-03 14:06:34.897 [INFO] [ProcessList.Pos] overlay=(1576,1400)-(1887,1439) popup=(1421,700) 620x696 workBottom=1396 dpi=1
2026-08-03 14:06:34.908 [INFO] [ProcessList.Pos] overlay=(1543,1400)-(1854,1439) popup=(1388,700) 620x696 workBottom=1396 dpi=1
2026-08-03 14:06:34.924 [INFO] [ProcessList.Pos] overlay=(1520,1400)-(1831,1439) popup=(1365,700) 620x696 workBottom=1396 dpi=1
2026-08-03 14:06:34.942 [INFO] [ProcessList.Pos] overlay=(1512,1400)-(1823,1439) popup=(1357,700) 620x696 workBottom=1396 dpi=1
2026-08-03 14:06:34.960 [INFO] [ProcessList.Pos] overlay=(1527,1400)-(1838,1439) popup=(1372,700) 620x696 workBottom=1396 dpi=1
2026-08-03 14:06:34.975 [INFO] [ProcessList.Pos] overlay=(1559,1400)-(1870,1439) popup=(1404,700) 620x696 workBottom=1396 dpi=1
2026-08-03 14:06:34.987 [INFO] [ProcessList.Pos] overlay=(1597,1400)-(1908,1439) popup=(1442,700) 620x696 workBottom=1396 dpi=1
2026-08-03 14:06:35.003 [INFO] [ProcessList.Pos] overlay=(1641,1400)-(1952,1439) popup=(1486,700) 620x696 workBottom=1396 dpi=1
2026-08-03 14:06:35.019 [INFO] [ProcessList.Pos] overlay=(1687,1400)-(1998,1439) popup=(1532,700) 620x696 workBottom=1396 dpi=1
2026-08-03 14:06:35.035 [INFO] [ProcessList.Pos] overlay=(1722,1400)-(2033,1439) popup=(1567,700) 620x696 workBottom=1396 dpi=1
2026-08-03 14:06:35.054 [INFO] [ProcessList.Pos] overlay=(1749,1400)-(2060,1439) popup=(1594,700) 620x696 workBottom=1396 dpi=1
2026-08-03 14:06:35.065 [INFO] [ProcessList.Pos] overlay=(1767,1400)-(2078,1439) popup=(1612,700) 620x696 workBottom=1396 dpi=1
2026-08-03 14:06:35.081 [INFO] [ProcessList.Pos] overlay=(1763,1400)-(2074,1439) popup=(1608,700) 620x696 workBottom=1396 dpi=1
2026-08-03 14:06:35.097 [INFO] [ProcessList.Pos] overlay=(1734,1400)-(2045,1439) popup=(1579,700) 620x696 workBottom=1396 dpi=1
2026-08-03 14:06:35.114 [INFO] [ProcessList.Pos] overlay=(1675,1400)-(1986,1439) popup=(1520,700) 620x696 workBottom=1396 dpi=1
2026-08-03 14:06:35.134 [INFO] [ProcessList.Pos] overlay=(1606,1400)-(1917,1439) popup=(1451,700) 620x696 workBottom=1396 dpi=1
2026-08-03 14:06:35.141 [INFO] [ProcessList.Pos] overlay=(1533,1400)-(1844,1439) popup=(1378,700) 620x696 workBottom=1396 dpi=1
2026-08-03 14:06:35.160 [INFO] [ProcessList.Pos] overlay=(1472,1400)-(1783,1439) popup=(1317,700) 620x696 workBottom=1396 dpi=1
2026-08-03 14:06:35.177 [INFO] [ProcessList.Pos] overlay=(1426,1400)-(1737,1439) popup=(1271,700) 620x696 workBottom=1396 dpi=1
2026-08-03 14:06:35.193 [INFO] [ProcessList.Pos] overlay=(1388,1400)-(1699,1439) popup=(1233,700) 620x696 workBottom=1396 dpi=1
2026-08-03 14:06:35.208 [INFO] [ProcessList.Pos] overlay=(1359,1400)-(1670,1439) popup=(1204,700) 620x696 workBottom=1396 dpi=1
2026-08-03 14:06:35.231 [INFO] [ProcessList.Pos] overlay=(1344,1400)-(1655,1439) popup=(1189,700) 620x696 workBottom=1396 dpi=1
2026-08-03 14:06:35.239 [INFO] [ProcessList.Pos] overlay=(1334,1400)-(1645,1439) popup=(1179,700) 620x696 workBottom=1396 dpi=1
2026-08-03 14:06:35.255 [INFO] [ProcessList.Pos] overlay=(1331,1400)-(1642,1439) popup=(1176,700) 620x696 workBottom=1396 dpi=1
2026-08-03 14:06:35.270 [INFO] [ProcessList.Pos] overlay=(1332,1400)-(1643,1439) popup=(1177,700) 620x696 workBottom=1396 dpi=1
2026-08-03 14:06:35.285 [INFO] [ProcessList.Pos] overlay=(1335,1400)-(1646,1439) popup=(1180,700) 620x696 workBottom=1396 dpi=1
2026-08-03 14:06:35.303 [INFO] [ProcessList.Pos] overlay=(1338,1400)-(1649,1439) popup=(1183,700) 620x696 workBottom=1396 dpi=1
2026-08-03 14:06:35.321 [INFO] [ProcessList.Pos] overlay=(1343,1400)-(1654,1439) popup=(1188,700) 620x696 workBottom=1396 dpi=1
2026-08-03 14:06:35.332 [INFO] [ProcessList.Pos] overlay=(1349,1400)-(1660,1439) popup=(1194,700) 620x696 workBottom=1396 dpi=1
2026-08-03 14:06:35.347 [INFO] [ProcessList.Pos] overlay=(1358,1400)-(1669,1439) popup=(1203,700) 620x696 workBottom=1396 dpi=1
2026-08-03 14:06:35.365 [INFO] [ProcessList.Pos] overlay=(1374,1400)-(1685,1439) popup=(1219,700) 620x696 workBottom=1396 dpi=1
2026-08-03 14:06:35.372 [INFO] [Taskbar.Bounds] hwnd=0x100E2 iconRight=639 trayLeft=2253
2026-08-03 14:06:35.376 [INFO] [Taskbar.Bounds] hwnd=0x1012E iconRight=2660 trayLeft=5054
2026-08-03 14:06:35.380 [INFO] [ProcessList.Pos] overlay=(1389,1400)-(1700,1439) popup=(1234,700) 620x696 workBottom=1396 dpi=1
2026-08-03 14:06:35.398 [INFO] [ProcessList.Pos] overlay=(1402,1400)-(1713,1439) popup=(1247,700) 620x696 workBottom=1396 dpi=1
2026-08-03 14:06:35.408 [INFO] [ProcessList.Pos] overlay=(1413,1400)-(1724,1439) popup=(1258,700) 620x696 workBottom=1396 dpi=1
2026-08-03 14:06:35.427 [INFO] [ProcessList.Pos] overlay=(1422,1400)-(1733,1439) popup=(1267,700) 620x696 workBottom=1396 dpi=1
2026-08-03 14:06:35.442 [INFO] [ProcessList.Pos] overlay=(1436,1400)-(1747,1439) popup=(1281,700) 620x696 workBottom=1396 dpi=1
2026-08-03 14:06:35.458 [INFO] [ProcessList.Pos] overlay=(1479,1400)-(1790,1439) popup=(1324,700) 620x696 workBottom=1396 dpi=1
2026-08-03 14:06:35.469 [INFO] [ProcessList.Pos] overlay=(1562,1400)-(1873,1439) popup=(1407,700) 620x696 workBottom=1396 dpi=1
2026-08-03 14:06:35.493 [INFO] [ProcessList.Pos] overlay=(1642,1400)-(1953,1439) popup=(1487,700) 620x696 workBottom=1396 dpi=1
2026-08-03 14:06:35.504 [INFO] [ProcessList.Pos] overlay=(2664,1400)-(2975,1439) popup=(2564,700) 620x696 workBottom=1396 dpi=1
2026-08-03 14:06:35.631 [INFO] [ProcessList.Pos] overlay=(2736,1400)-(3047,1439) popup=(2581,700) 620x696 workBottom=1396 dpi=1
2026-08-03 14:06:35.647 [INFO] [ProcessList.Pos] overlay=(2816,1400)-(3127,1439) popup=(2661,700) 620x696 workBottom=1396 dpi=1
2026-08-03 14:06:35.659 [INFO] [ProcessList.Pos] overlay=(2879,1400)-(3190,1439) popup=(2724,700) 620x696 workBottom=1396 dpi=1
2026-08-03 14:06:35.674 [INFO] [ProcessList.Pos] overlay=(2927,1400)-(3238,1439) popup=(2772,700) 620x696 workBottom=1396 dpi=1
2026-08-03 14:06:35.695 [INFO] [ProcessList.Pos] overlay=(2967,1400)-(3278,1439) popup=(2812,700) 620x696 workBottom=1396 dpi=1
2026-08-03 14:06:35.706 [INFO] [ProcessList.Pos] overlay=(2999,1400)-(3310,1439) popup=(2844,700) 620x696 workBottom=1396 dpi=1
2026-08-03 14:06:35.726 [INFO] [ProcessList.Pos] overlay=(3033,1400)-(3344,1439) popup=(2878,700) 620x696 workBottom=1396 dpi=1
2026-08-03 14:06:35.736 [INFO] [ProcessList.Pos] overlay=(3068,1400)-(3379,1439) popup=(2913,700) 620x696 workBottom=1396 dpi=1
2026-08-03 14:06:35.753 [INFO] [ProcessList.Pos] overlay=(3101,1400)-(3412,1439) popup=(2946,700) 620x696 workBottom=1396 dpi=1
2026-08-03 14:06:35.772 [INFO] [ProcessList.Pos] overlay=(3132,1400)-(3443,1439) popup=(2977,700) 620x696 workBottom=1396 dpi=1
2026-08-03 14:06:35.787 [INFO] [ProcessList.Pos] overlay=(3156,1400)-(3467,1439) popup=(3001,700) 620x696 workBottom=1396 dpi=1
2026-08-03 14:06:35.799 [INFO] [ProcessList.Pos] overlay=(3175,1400)-(3486,1439) popup=(3020,700) 620x696 workBottom=1396 dpi=1
2026-08-03 14:06:35.819 [INFO] [ProcessList.Pos] overlay=(3189,1400)-(3500,1439) popup=(3034,700) 620x696 workBottom=1396 dpi=1
2026-08-03 14:06:35.830 [INFO] [ProcessList.Pos] overlay=(3199,1400)-(3510,1439) popup=(3044,700) 620x696 workBottom=1396 dpi=1
2026-08-03 14:06:35.847 [INFO] [ProcessList.Pos] overlay=(3207,1400)-(3518,1439) popup=(3052,700) 620x696 workBottom=1396 dpi=1
2026-08-03 14:06:35.866 [INFO] [ProcessList.Pos] overlay=(3214,1400)-(3525,1439) popup=(3059,700) 620x696 workBottom=1396 dpi=1
2026-08-03 14:06:35.879 [INFO] [ProcessList.Pos] overlay=(3220,1400)-(3531,1439) popup=(3065,700) 620x696 workBottom=1396 dpi=1
2026-08-03 14:06:35.898 [INFO] [ProcessList.Pos] overlay=(3229,1400)-(3540,1439) popup=(3074,700) 620x696 workBottom=1396 dpi=1
2026-08-03 14:06:35.905 [INFO] [Taskbar.Bounds] hwnd=0x100E2 iconRight=639 trayLeft=2253
2026-08-03 14:06:35.909 [INFO] [ProcessList.Pos] overlay=(3251,1400)-(3562,1439) popup=(3096,700) 620x696 workBottom=1396 dpi=1
2026-08-03 14:06:35.912 [INFO] [Taskbar.Bounds] hwnd=0x1012E iconRight=2660 trayLeft=5054
2026-08-03 14:06:35.925 [INFO] [ProcessList.Pos] overlay=(3292,1400)-(3603,1439) popup=(3137,700) 620x696 workBottom=1396 dpi=1
2026-08-03 14:06:35.942 [INFO] [ProcessList.Pos] overlay=(3355,1400)-(3666,1439) popup=(3200,700) 620x696 workBottom=1396 dpi=1
2026-08-03 14:06:35.959 [INFO] [ProcessList.Pos] overlay=(3428,1400)-(3739,1439) popup=(3273,700) 620x696 workBottom=1396 dpi=1
2026-08-03 14:06:35.979 [INFO] [ProcessList.Pos] overlay=(3498,1400)-(3809,1439) popup=(3343,700) 620x696 workBottom=1396 dpi=1
2026-08-03 14:06:35.988 [INFO] [ProcessList.Pos] overlay=(3560,1400)-(3871,1439) popup=(3405,700) 620x696 workBottom=1396 dpi=1
2026-08-03 14:06:36.003 [INFO] [ProcessList.Pos] overlay=(3608,1400)-(3919,1439) popup=(3453,700) 620x696 workBottom=1396 dpi=1
2026-08-03 14:06:36.020 [INFO] [ProcessList.Pos] overlay=(3648,1400)-(3959,1439) popup=(3493,700) 620x696 workBottom=1396 dpi=1
2026-08-03 14:06:36.035 [INFO] [ProcessList.Pos] overlay=(3680,1400)-(3991,1439) popup=(3525,700) 620x696 workBottom=1396 dpi=1
2026-08-03 14:06:36.055 [INFO] [ProcessList.Pos] overlay=(3703,1400)-(4014,1439) popup=(3548,700) 620x696 workBottom=1396 dpi=1
2026-08-03 14:06:36.067 [INFO] [ProcessList.Pos] overlay=(3720,1400)-(4031,1439) popup=(3565,700) 620x696 workBottom=1396 dpi=1
2026-08-03 14:06:36.081 [INFO] [ProcessList.Pos] overlay=(3724,1400)-(4035,1439) popup=(3569,700) 620x696 workBottom=1396 dpi=1
2026-08-03 14:06:36.097 [INFO] [ProcessList.Pos] overlay=(3706,1400)-(4017,1439) popup=(3551,700) 620x696 workBottom=1396 dpi=1
2026-08-03 14:06:36.115 [INFO] [ProcessList.Pos] overlay=(3654,1400)-(3965,1439) popup=(3499,700) 620x696 workBottom=1396 dpi=1
2026-08-03 14:06:36.132 [INFO] [ProcessList.Pos] overlay=(3573,1400)-(3884,1439) popup=(3418,700) 620x696 workBottom=1396 dpi=1
2026-08-03 14:06:36.150 [INFO] [ProcessList.Pos] overlay=(3467,1400)-(3778,1439) popup=(3312,700) 620x696 workBottom=1396 dpi=1
2026-08-03 14:06:36.161 [INFO] [ProcessList.Pos] overlay=(3360,1400)-(3671,1439) popup=(3205,700) 620x696 workBottom=1396 dpi=1
2026-08-03 14:06:36.175 [INFO] [ProcessList.Pos] overlay=(3270,1400)-(3581,1439) popup=(3115,700) 620x696 workBottom=1396 dpi=1
2026-08-03 14:06:36.193 [INFO] [ProcessList.Pos] overlay=(3193,1400)-(3504,1439) popup=(3038,700) 620x696 workBottom=1396 dpi=1
2026-08-03 14:06:36.208 [INFO] [ProcessList.Pos] overlay=(3133,1400)-(3444,1439) popup=(2978,700) 620x696 workBottom=1396 dpi=1
2026-08-03 14:06:36.229 [INFO] [ProcessList.Pos] overlay=(3093,1400)-(3404,1439) popup=(2938,700) 620x696 workBottom=1396 dpi=1
2026-08-03 14:06:36.237 [INFO] [ProcessList.Pos] overlay=(3074,1400)-(3385,1439) popup=(2919,700) 620x696 workBottom=1396 dpi=1
2026-08-03 14:06:36.256 [INFO] [ProcessList.Pos] overlay=(3079,1400)-(3390,1439) popup=(2924,700) 620x696 workBottom=1396 dpi=1
2026-08-03 14:06:36.270 [INFO] [ProcessList.Pos] overlay=(3109,1400)-(3420,1439) popup=(2954,700) 620x696 workBottom=1396 dpi=1
2026-08-03 14:06:36.287 [INFO] [ProcessList.Pos] overlay=(3155,1400)-(3466,1439) popup=(3000,700) 620x696 workBottom=1396 dpi=1
2026-08-03 14:06:36.305 [INFO] [ProcessList.Pos] overlay=(3200,1400)-(3511,1439) popup=(3045,700) 620x696 workBottom=1396 dpi=1
2026-08-03 14:06:36.321 [INFO] [ProcessList.Pos] overlay=(3243,1400)-(3554,1439) popup=(3088,700) 620x696 workBottom=1396 dpi=1
2026-08-03 14:06:36.333 [INFO] [ProcessList.Pos] overlay=(3278,1400)-(3589,1439) popup=(3123,700) 620x696 workBottom=1396 dpi=1
2026-08-03 14:06:36.347 [INFO] [ProcessList.Pos] overlay=(3306,1400)-(3617,1439) popup=(3151,700) 620x696 workBottom=1396 dpi=1
2026-08-03 14:06:36.365 [INFO] [ProcessList.Pos] overlay=(3330,1400)-(3641,1439) popup=(3175,700) 620x696 workBottom=1396 dpi=1
2026-08-03 14:06:36.380 [INFO] [ProcessList.Pos] overlay=(3348,1400)-(3659,1439) popup=(3193,700) 620x696 workBottom=1396 dpi=1
2026-08-03 14:06:36.393 [INFO] [ProcessList.Pos] overlay=(3363,1400)-(3674,1439) popup=(3208,700) 620x696 workBottom=1396 dpi=1
2026-08-03 14:06:36.409 [INFO] [ProcessList.Pos] overlay=(3375,1400)-(3686,1439) popup=(3220,700) 620x696 workBottom=1396 dpi=1
2026-08-03 14:06:36.426 [INFO] [ProcessList.Pos] overlay=(3384,1400)-(3695,1439) popup=(3229,700) 620x696 workBottom=1396 dpi=1
2026-08-03 14:06:36.432 [INFO] [Taskbar.Bounds] hwnd=0x100E2 iconRight=639 trayLeft=2253
2026-08-03 14:06:36.436 [INFO] [Taskbar.Bounds] hwnd=0x1012E iconRight=2660 trayLeft=5054
2026-08-03 14:06:36.442 [INFO] [ProcessList.Pos] overlay=(3391,1400)-(3702,1439) popup=(3236,700) 620x696 workBottom=1396 dpi=1
2026-08-03 14:06:36.458 [INFO] [ProcessList.Pos] overlay=(3397,1400)-(3708,1439) popup=(3242,700) 620x696 workBottom=1396 dpi=1
2026-08-03 14:06:36.476 [INFO] [ProcessList.Pos] overlay=(3402,1400)-(3713,1439) popup=(3247,700) 620x696 workBottom=1396 dpi=1
2026-08-03 14:06:36.494 [INFO] [ProcessList.Pos] overlay=(3405,1400)-(3716,1439) popup=(3250,700) 620x696 workBottom=1396 dpi=1
2026-08-03 14:06:36.502 [INFO] [ProcessList.Pos] overlay=(3408,1400)-(3719,1439) popup=(3253,700) 620x696 workBottom=1396 dpi=1
2026-08-03 14:06:36.519 [INFO] [ProcessList.Pos] overlay=(3410,1400)-(3721,1439) popup=(3255,700) 620x696 workBottom=1396 dpi=1
2026-08-03 14:06:36.536 [INFO] [ProcessList.Pos] overlay=(3412,1400)-(3723,1439) popup=(3257,700) 620x696 workBottom=1396 dpi=1
2026-08-03 14:06:36.633 [INFO] [ProcessList.Pos] overlay=(3410,1400)-(3721,1439) popup=(3255,700) 620x696 workBottom=1396 dpi=1
2026-08-03 14:06:36.636 [INFO] [ProcessList.Pos] overlay=(3368,1400)-(3679,1439) popup=(3213,700) 620x696 workBottom=1396 dpi=1
2026-08-03 14:06:36.643 [INFO] [ProcessList.Pos] overlay=(3218,1400)-(3529,1439) popup=(3063,700) 620x696 workBottom=1396 dpi=1
2026-08-03 14:06:36.667 [INFO] [ProcessList.Pos] overlay=(1938,1400)-(2249,1439) popup=(1783,700) 620x696 workBottom=1396 dpi=1
2026-08-03 14:06:36.753 [INFO] [ProcessList.Pos] overlay=(1913,1400)-(2224,1439) popup=(1758,700) 620x696 workBottom=1396 dpi=1
2026-08-03 14:06:36.771 [INFO] [ProcessList.Pos] overlay=(1821,1400)-(2132,1439) popup=(1666,700) 620x696 workBottom=1396 dpi=1
2026-08-03 14:06:36.787 [INFO] [ProcessList.Pos] overlay=(1748,1400)-(2059,1439) popup=(1593,700) 620x696 workBottom=1396 dpi=1
2026-08-03 14:06:36.803 [INFO] [ProcessList.Pos] overlay=(1694,1400)-(2005,1439) popup=(1539,700) 620x696 workBottom=1396 dpi=1
2026-08-03 14:06:36.815 [INFO] [ProcessList.Pos] overlay=(1648,1400)-(1959,1439) popup=(1493,700) 620x696 workBottom=1396 dpi=1
2026-08-03 14:06:36.830 [INFO] [ProcessList.Pos] overlay=(1612,1400)-(1923,1439) popup=(1457,700) 620x696 workBottom=1396 dpi=1
2026-08-03 14:06:36.846 [INFO] [ProcessList.Pos] overlay=(1585,1400)-(1896,1439) popup=(1430,700) 620x696 workBottom=1396 dpi=1
2026-08-03 14:06:36.864 [INFO] [ProcessList.Pos] overlay=(1562,1400)-(1873,1439) popup=(1407,700) 620x696 workBottom=1396 dpi=1
2026-08-03 14:06:36.878 [INFO] [ProcessList.Pos] overlay=(1546,1400)-(1857,1439) popup=(1391,700) 620x696 workBottom=1396 dpi=1
2026-08-03 14:06:36.897 [INFO] [ProcessList.Pos] overlay=(1531,1400)-(1842,1439) popup=(1376,700) 620x696 workBottom=1396 dpi=1
2026-08-03 14:06:36.909 [INFO] [ProcessList.Pos] overlay=(1520,1400)-(1831,1439) popup=(1365,700) 620x696 workBottom=1396 dpi=1
2026-08-03 14:06:36.925 [INFO] [ProcessList.Pos] overlay=(1512,1400)-(1823,1439) popup=(1357,700) 620x696 workBottom=1396 dpi=1
2026-08-03 14:06:36.942 [INFO] [ProcessList.Pos] overlay=(1505,1400)-(1816,1439) popup=(1350,700) 620x696 workBottom=1396 dpi=1
2026-08-03 14:06:36.959 [INFO] [ProcessList.Pos] overlay=(1499,1400)-(1810,1439) popup=(1344,700) 620x696 workBottom=1396 dpi=1
2026-08-03 14:06:36.963 [INFO] [Taskbar.Bounds] hwnd=0x100E2 iconRight=639 trayLeft=2253
2026-08-03 14:06:36.967 [INFO] [Taskbar.Bounds] hwnd=0x1012E iconRight=2660 trayLeft=5054
2026-08-03 14:06:36.972 [INFO] [ProcessList.Pos] overlay=(1495,1400)-(1806,1439) popup=(1340,700) 620x696 workBottom=1396 dpi=1
2026-08-03 14:06:36.986 [INFO] [ProcessList.Pos] overlay=(1492,1400)-(1803,1439) popup=(1337,700) 620x696 workBottom=1396 dpi=1
2026-08-03 14:06:37.003 [INFO] [ProcessList.Pos] overlay=(1489,1400)-(1800,1439) popup=(1334,700) 620x696 workBottom=1396 dpi=1
2026-08-03 14:06:37.021 [INFO] [ProcessList.Pos] overlay=(1485,1400)-(1796,1439) popup=(1330,700) 620x696 workBottom=1396 dpi=1
2026-08-03 14:06:37.036 [INFO] [ProcessList.Pos] overlay=(1483,1400)-(1794,1439) popup=(1328,700) 620x696 workBottom=1396 dpi=1
2026-08-03 14:06:37.053 [INFO] [ProcessList.Pos] overlay=(1481,1400)-(1792,1439) popup=(1326,700) 620x696 workBottom=1396 dpi=1
2026-08-03 14:06:37.065 [INFO] [ProcessList.Pos] overlay=(1479,1400)-(1790,1439) popup=(1324,700) 620x696 workBottom=1396 dpi=1
2026-08-03 14:06:37.081 [INFO] [ProcessList.Pos] overlay=(1478,1400)-(1789,1439) popup=(1323,700) 620x696 workBottom=1396 dpi=1
2026-08-03 14:06:37.098 [INFO] [ProcessList.Pos] overlay=(1477,1400)-(1788,1439) popup=(1322,700) 620x696 workBottom=1396 dpi=1
2026-08-03 14:06:37.114 [INFO] [ProcessList.Pos] overlay=(1476,1400)-(1787,1439) popup=(1321,700) 620x696 workBottom=1396 dpi=1
2026-08-03 14:06:37.132 [INFO] [ProcessList.Pos] overlay=(1475,1400)-(1786,1439) popup=(1320,700) 620x696 workBottom=1396 dpi=1
2026-08-03 14:06:37.175 [INFO] [ProcessList.Pos] overlay=(1474,1400)-(1785,1439) popup=(1319,700) 620x696 workBottom=1396 dpi=1
2026-08-03 14:06:37.191 [INFO] [ProcessList.Pos] overlay=(1465,1400)-(1776,1439) popup=(1310,700) 620x696 workBottom=1396 dpi=1
2026-08-03 14:06:37.208 [INFO] [ProcessList.Pos] overlay=(1435,1400)-(1746,1439) popup=(1280,700) 620x696 workBottom=1396 dpi=1
2026-08-03 14:06:37.226 [INFO] [ProcessList.Pos] overlay=(1387,1400)-(1698,1439) popup=(1232,700) 620x696 workBottom=1396 dpi=1
2026-08-03 14:06:37.236 [INFO] [ProcessList.Pos] overlay=(1315,1400)-(1626,1439) popup=(1160,700) 620x696 workBottom=1396 dpi=1
2026-08-03 14:06:37.252 [INFO] [ProcessList.Pos] overlay=(1238,1400)-(1549,1439) popup=(1083,700) 620x696 workBottom=1396 dpi=1
2026-08-03 14:06:37.270 [INFO] [ProcessList.Pos] overlay=(1155,1400)-(1466,1439) popup=(1000,700) 620x696 workBottom=1396 dpi=1
2026-08-03 14:06:37.285 [INFO] [ProcessList.Pos] overlay=(1080,1400)-(1391,1439) popup=(925,700) 620x696 workBottom=1396 dpi=1
2026-08-03 14:06:37.304 [INFO] [ProcessList.Pos] overlay=(1020,1400)-(1331,1439) popup=(865,700) 620x696 workBottom=1396 dpi=1
2026-08-03 14:06:37.319 [INFO] [ProcessList.Pos] overlay=(969,1400)-(1280,1439) popup=(814,700) 620x696 workBottom=1396 dpi=1
2026-08-03 14:06:37.331 [INFO] [ProcessList.Pos] overlay=(928,1400)-(1239,1439) popup=(773,700) 620x696 workBottom=1396 dpi=1
2026-08-03 14:06:37.347 [INFO] [ProcessList.Pos] overlay=(898,1400)-(1209,1439) popup=(743,700) 620x696 workBottom=1396 dpi=1
2026-08-03 14:06:37.364 [INFO] [ProcessList.Pos] overlay=(872,1400)-(1183,1439) popup=(717,700) 620x696 workBottom=1396 dpi=1
2026-08-03 14:06:37.380 [INFO] [ProcessList.Pos] overlay=(853,1400)-(1164,1439) popup=(698,700) 620x696 workBottom=1396 dpi=1
2026-08-03 14:06:37.398 [INFO] [ProcessList.Pos] overlay=(837,1400)-(1148,1439) popup=(682,700) 620x696 workBottom=1396 dpi=1
2026-08-03 14:06:37.409 [INFO] [ProcessList.Pos] overlay=(825,1400)-(1136,1439) popup=(670,700) 620x696 workBottom=1396 dpi=1
2026-08-03 14:06:37.430 [INFO] [ProcessList.Pos] overlay=(815,1400)-(1126,1439) popup=(660,700) 620x696 workBottom=1396 dpi=1
2026-08-03 14:06:37.440 [INFO] [ProcessList.Pos] overlay=(807,1400)-(1118,1439) popup=(652,700) 620x696 workBottom=1396 dpi=1
2026-08-03 14:06:37.458 [INFO] [ProcessList.Pos] overlay=(802,1400)-(1113,1439) popup=(647,700) 620x696 workBottom=1396 dpi=1
2026-08-03 14:06:37.476 [INFO] [ProcessList.Pos] overlay=(812,1400)-(1123,1439) popup=(657,700) 620x696 workBottom=1396 dpi=1
2026-08-03 14:06:37.486 [INFO] [ProcessList.Pos] overlay=(829,1400)-(1140,1439) popup=(674,700) 620x696 workBottom=1396 dpi=1
2026-08-03 14:06:37.495 [INFO] [Taskbar.Bounds] hwnd=0x100E2 iconRight=639 trayLeft=2253
2026-08-03 14:06:37.499 [INFO] [Taskbar.Bounds] hwnd=0x1012E iconRight=2660 trayLeft=5054
2026-08-03 14:06:37.502 [INFO] [ProcessList.Pos] overlay=(865,1400)-(1176,1439) popup=(710,700) 620x696 workBottom=1396 dpi=1
2026-08-03 14:06:37.518 [INFO] [ProcessList.Pos] overlay=(921,1400)-(1232,1439) popup=(766,700) 620x696 workBottom=1396 dpi=1
2026-08-03 14:06:37.536 [INFO] [ProcessList.Pos] overlay=(996,1400)-(1307,1439) popup=(841,700) 620x696 workBottom=1396 dpi=1
2026-08-03 14:06:37.548 [INFO] [ProcessList.Pos] overlay=(1076,1400)-(1387,1439) popup=(921,700) 620x696 workBottom=1396 dpi=1
2026-08-03 14:06:37.625 [INFO] [ProcessList.Pos] overlay=(1274,1400)-(1585,1439) popup=(1119,700) 620x696 workBottom=1396 dpi=1
2026-08-03 14:06:37.626 [INFO] [ProcessList.Pos] overlay=(1364,1400)-(1675,1439) popup=(1209,700) 620x696 workBottom=1396 dpi=1
2026-08-03 14:06:37.643 [INFO] [ProcessList.Pos] overlay=(1443,1400)-(1754,1439) popup=(1288,700) 620x696 workBottom=1396 dpi=1
2026-08-03 14:06:37.658 [INFO] [ProcessList.Pos] overlay=(1505,1400)-(1816,1439) popup=(1350,700) 620x696 workBottom=1396 dpi=1
2026-08-03 14:06:37.675 [INFO] [ProcessList.Pos] overlay=(1552,1400)-(1863,1439) popup=(1397,700) 620x696 workBottom=1396 dpi=1
2026-08-03 14:06:37.693 [INFO] [ProcessList.Pos] overlay=(1591,1400)-(1902,1439) popup=(1436,700) 620x696 workBottom=1396 dpi=1
2026-08-03 14:06:37.705 [INFO] [ProcessList.Pos] overlay=(1622,1400)-(1933,1439) popup=(1467,700) 620x696 workBottom=1396 dpi=1
2026-08-03 14:06:37.726 [INFO] [ProcessList.Pos] overlay=(1644,1400)-(1955,1439) popup=(1489,700) 620x696 workBottom=1396 dpi=1
2026-08-03 14:06:37.736 [INFO] [ProcessList.Pos] overlay=(1664,1400)-(1975,1439) popup=(1509,700) 620x696 workBottom=1396 dpi=1
2026-08-03 14:06:37.752 [INFO] [ProcessList.Pos] overlay=(1679,1400)-(1990,1439) popup=(1524,700) 620x696 workBottom=1396 dpi=1
2026-08-03 14:06:37.771 [INFO] [ProcessList.Pos] overlay=(1691,1400)-(2002,1439) popup=(1536,700) 620x696 workBottom=1396 dpi=1
2026-08-03 14:06:37.786 [INFO] [ProcessList.Pos] overlay=(1701,1400)-(2012,1439) popup=(1546,700) 620x696 workBottom=1396 dpi=1
2026-08-03 14:06:37.799 [INFO] [ProcessList.Pos] overlay=(1709,1400)-(2020,1439) popup=(1554,700) 620x696 workBottom=1396 dpi=1
2026-08-03 14:06:37.813 [INFO] [ProcessList.Pos] overlay=(1715,1400)-(2026,1439) popup=(1560,700) 620x696 workBottom=1396 dpi=1
2026-08-03 14:06:37.831 [INFO] [ProcessList.Pos] overlay=(1720,1400)-(2031,1439) popup=(1565,700) 620x696 workBottom=1396 dpi=1
2026-08-03 14:06:37.847 [INFO] [ProcessList.Pos] overlay=(1723,1400)-(2034,1439) popup=(1568,700) 620x696 workBottom=1396 dpi=1
2026-08-03 14:06:37.864 [INFO] [ProcessList.Pos] overlay=(1727,1400)-(2038,1439) popup=(1572,700) 620x696 workBottom=1396 dpi=1
2026-08-03 14:06:37.880 [INFO] [ProcessList.Pos] overlay=(1729,1400)-(2040,1439) popup=(1574,700) 620x696 workBottom=1396 dpi=1
2026-08-03 14:06:37.893 [INFO] [ProcessList.Pos] overlay=(1731,1400)-(2042,1439) popup=(1576,700) 620x696 workBottom=1396 dpi=1
2026-08-03 14:06:37.909 [INFO] [ProcessList.Pos] overlay=(1732,1400)-(2043,1439) popup=(1577,700) 620x696 workBottom=1396 dpi=1
2026-08-03 14:06:37.984 [INFO] [ProcessList.Pos] overlay=(1798,1400)-(2109,1439) popup=(1643,700) 620x696 workBottom=1396 dpi=1
2026-08-03 14:06:37.991 [INFO] [ProcessList.Pos] overlay=(1819,1400)-(2130,1439) popup=(1664,700) 620x696 workBottom=1396 dpi=1
2026-08-03 14:06:38.003 [INFO] [ProcessList.Pos] overlay=(1843,1400)-(2154,1439) popup=(1688,700) 620x696 workBottom=1396 dpi=1
2026-08-03 14:06:38.019 [INFO] [ProcessList.Pos] overlay=(1863,1400)-(2174,1439) popup=(1708,700) 620x696 workBottom=1396 dpi=1
2026-08-03 14:06:38.025 [INFO] [Taskbar.Bounds] hwnd=0x100E2 iconRight=639 trayLeft=2253
2026-08-03 14:06:38.029 [INFO] [Taskbar.Bounds] hwnd=0x1012E iconRight=2660 trayLeft=5054
2026-08-03 14:06:38.035 [INFO] [ProcessList.Pos] overlay=(1879,1400)-(2190,1439) popup=(1724,700) 620x696 workBottom=1396 dpi=1
2026-08-03 14:06:38.053 [INFO] [ProcessList.Pos] overlay=(1891,1400)-(2202,1439) popup=(1736,700) 620x696 workBottom=1396 dpi=1
2026-08-03 14:06:38.066 [INFO] [ProcessList.Pos] overlay=(1901,1400)-(2212,1439) popup=(1746,700) 620x696 workBottom=1396 dpi=1
2026-08-03 14:06:38.080 [INFO] [ProcessList.Pos] overlay=(1909,1400)-(2220,1439) popup=(1754,700) 620x696 workBottom=1396 dpi=1
2026-08-03 14:06:38.097 [INFO] [ProcessList.Pos] overlay=(1915,1400)-(2226,1439) popup=(1760,700) 620x696 workBottom=1396 dpi=1
2026-08-03 14:06:38.115 [INFO] [ProcessList.Pos] overlay=(1920,1400)-(2231,1439) popup=(1765,700) 620x696 workBottom=1396 dpi=1
2026-08-03 14:06:38.132 [INFO] [ProcessList.Pos] overlay=(1923,1400)-(2234,1439) popup=(1768,700) 620x696 workBottom=1396 dpi=1
2026-08-03 14:06:38.147 [INFO] [ProcessList.Pos] overlay=(1927,1400)-(2238,1439) popup=(1772,700) 620x696 workBottom=1396 dpi=1
2026-08-03 14:06:38.160 [INFO] [Overlay.Click] UP skipped down=True dragged=True sinceDrag=8937
2026-08-03 14:06:38.164 [INFO] [ProcessList.Pos] overlay=(1938,1400)-(2249,1439) popup=(1783,700) 620x696 workBottom=1396 dpi=1
2026-08-03 14:06:38.554 [INFO] [Taskbar.Bounds] hwnd=0x100E2 iconRight=639 trayLeft=2253
2026-08-03 14:06:38.564 [INFO] [Taskbar.Bounds] hwnd=0x1012E iconRight=2660 trayLeft=5054
2026-08-03 14:06:38.631 [INFO] [Overlay.Click] DOWN screen=(2121,1409) mode=ProcessList
2026-08-03 14:06:38.714 [INFO] [Overlay.Click] UP → ToggleProcessList
2026-08-03 14:06:38.714 [INFO] [ProcessList] close
2026-08-03 14:06:38.894 [INFO] [Taskbar.Bounds] hwnd=0x100E2 iconRight=639 trayLeft=2253
2026-08-03 14:06:38.898 [INFO] [Taskbar.Bounds] hwnd=0x1012E iconRight=2660 trayLeft=5054
2026-08-03 14:06:39.043 [INFO] [Overlay.Click] DOWN screen=(2127,1421) mode=ProcessList
2026-08-03 14:06:39.085 [INFO] [Taskbar.Bounds] hwnd=0x100E2 iconRight=639 trayLeft=2253
2026-08-03 14:06:39.089 [INFO] [Taskbar.Bounds] hwnd=0x1012E iconRight=2660 trayLeft=5054
2026-08-03 14:06:39.607 [INFO] [Taskbar.Bounds] hwnd=0x100E2 iconRight=639 trayLeft=2253
2026-08-03 14:06:39.613 [INFO] [Taskbar.Bounds] hwnd=0x1012E iconRight=2660 trayLeft=5054
2026-08-03 14:06:40.136 [INFO] [Overlay.Click] UP skipped down=True dragged=True sinceDrag=1984
2026-08-03 14:06:40.167 [INFO] [Taskbar.Bounds] hwnd=0x100E2 iconRight=639 trayLeft=2253
2026-08-03 14:06:40.174 [INFO] [Taskbar.Bounds] hwnd=0x1012E iconRight=2660 trayLeft=5054
2026-08-03 14:06:40.466 [INFO] [Overlay.Click] DOWN screen=(2162,1434) mode=ProcessList
2026-08-03 14:06:40.538 [INFO] [Overlay.Click] UP → ToggleProcessList
2026-08-03 14:06:40.538 [INFO] [ProcessList] open
2026-08-03 14:06:40.541 [INFO] [ProcessList.Pos] overlay=(1938,1400)-(2249,1439) popup=(1783,700) 620x696 workBottom=1396 dpi=1
2026-08-03 14:06:40.559 [INFO] [ProcessList.Pos] overlay=(1938,1400)-(2249,1439) popup=(1783,700) 620x696 workBottom=1396 dpi=1
2026-08-03 14:06:40.582 [INFO] [ProcessList.Pos] overlay=(1938,1400)-(2249,1439) popup=(1783,700) 620x696 workBottom=1396 dpi=1
2026-08-03 14:06:40.735 [INFO] [Taskbar.Bounds] hwnd=0x100E2 iconRight=639 trayLeft=2253
2026-08-03 14:06:40.740 [INFO] [Taskbar.Bounds] hwnd=0x1012E iconRight=2660 trayLeft=5054
2026-08-03 14:06:40.949 [INFO] [ProcessList.Pos] overlay=(1938,1400)-(2249,1439) popup=(1783,700) 620x696 workBottom=1396 dpi=1
2026-08-03 14:06:41.125 [INFO] [Overlay.Click] DOWN screen=(2161,1428) mode=ProcessList
2026-08-03 14:06:41.196 [INFO] [Taskbar.Bounds] hwnd=0x100E2 iconRight=639 trayLeft=2253
2026-08-03 14:06:41.201 [INFO] [Taskbar.Bounds] hwnd=0x1012E iconRight=2660 trayLeft=5054
2026-08-03 14:06:41.218 [INFO] [Overlay.Click] UP → ToggleProcessList
2026-08-03 14:06:41.218 [INFO] [ProcessList] close
2026-08-03 14:06:41.355 [INFO] [Overlay.Click] DOWN screen=(2163,1426) mode=ProcessList
2026-08-03 14:06:41.399 [INFO] [Taskbar.Bounds] hwnd=0x100E2 iconRight=639 trayLeft=2253
2026-08-03 14:06:41.404 [INFO] [Taskbar.Bounds] hwnd=0x1012E iconRight=2660 trayLeft=5054
2026-08-03 14:06:41.435 [INFO] [Overlay.Click] UP → ToggleProcessList
2026-08-03 14:06:41.435 [INFO] [ProcessList] open
2026-08-03 14:06:41.442 [INFO] [ProcessList.Pos] overlay=(1938,1400)-(2249,1439) popup=(1783,700) 620x696 workBottom=1396 dpi=1
2026-08-03 14:06:41.457 [INFO] [ProcessList.Pos] overlay=(1938,1400)-(2249,1439) popup=(1783,700) 620x696 workBottom=1396 dpi=1
2026-08-03 14:06:41.487 [INFO] [ProcessList.Pos] overlay=(1938,1400)-(2249,1439) popup=(1783,700) 620x696 workBottom=1396 dpi=1
2026-08-03 14:06:41.761 [INFO] [Taskbar.Bounds] hwnd=0x100E2 iconRight=639 trayLeft=2253
2026-08-03 14:06:41.766 [INFO] [Taskbar.Bounds] hwnd=0x1012E iconRight=2660 trayLeft=5054
2026-08-03 14:06:41.858 [INFO] [Overlay.Click] DOWN screen=(2182,1419) mode=ProcessList
2026-08-03 14:06:41.893 [INFO] [ProcessList.Pos] overlay=(1933,1400)-(2244,1439) popup=(1778,700) 620x696 workBottom=1396 dpi=1
2026-08-03 14:06:41.909 [INFO] [ProcessList.Pos] overlay=(1921,1400)-(2232,1439) popup=(1766,700) 620x696 workBottom=1396 dpi=1
2026-08-03 14:06:41.925 [INFO] [ProcessList.Pos] overlay=(1893,1400)-(2204,1439) popup=(1738,700) 620x696 workBottom=1396 dpi=1
2026-08-03 14:06:41.944 [INFO] [ProcessList.Pos] overlay=(1859,1400)-(2170,1439) popup=(1704,700) 620x696 workBottom=1396 dpi=1
2026-08-03 14:06:41.959 [INFO] [ProcessList.Pos] overlay=(1798,1400)-(2109,1439) popup=(1643,700) 620x696 workBottom=1396 dpi=1
2026-08-03 14:06:41.978 [INFO] [ProcessList.Pos] overlay=(1729,1400)-(2040,1439) popup=(1574,700) 620x696 workBottom=1396 dpi=1
2026-08-03 14:06:41.988 [INFO] [ProcessList.Pos] overlay=(1661,1400)-(1972,1439) popup=(1506,700) 620x696 workBottom=1396 dpi=1
2026-08-03 14:06:42.008 [INFO] [ProcessList.Pos] overlay=(1589,1400)-(1900,1439) popup=(1434,700) 620x696 workBottom=1396 dpi=1
2026-08-03 14:06:43.029 [INFO] [ProcessList.Pos] overlay=(1773,1400)-(2084,1439) popup=(1618,700) 620x696 workBottom=1396 dpi=1
2026-08-03 14:06:43.056 [INFO] [ProcessList.Pos] overlay=(1835,1400)-(2146,1439) popup=(1680,700) 620x696 workBottom=1396 dpi=1
2026-08-03 14:06:43.063 [INFO] [Overlay.Click] UP skipped down=True dragged=True sinceDrag=2922
2026-08-03 14:06:43.067 [INFO] [ProcessList.Pos] overlay=(1938,1400)-(2249,1439) popup=(1783,700) 620x696 workBottom=1396 dpi=1
2026-08-03 14:06:43.229 [INFO] [Taskbar.Bounds] hwnd=0x100E2 iconRight=639 trayLeft=2253
2026-08-03 14:06:43.233 [INFO] [Taskbar.Bounds] hwnd=0x1012E iconRight=2660 trayLeft=5054
2026-08-03 14:06:43.354 [INFO] [Taskbar.Bounds] hwnd=0x100E2 iconRight=639 trayLeft=2253
2026-08-03 14:06:43.360 [INFO] [Taskbar.Bounds] hwnd=0x1012E iconRight=2660 trayLeft=5054
2026-08-03 14:06:43.669 [INFO] [Overlay.Click] DOWN screen=(2039,1433) mode=ProcessList
2026-08-03 14:06:43.722 [INFO] [Overlay.Click] UP → ToggleProcessList
2026-08-03 14:06:43.722 [INFO] [ProcessList] close
2026-08-03 14:06:43.906 [INFO] [Taskbar.Bounds] hwnd=0x100E2 iconRight=639 trayLeft=2253
2026-08-03 14:06:43.910 [INFO] [Taskbar.Bounds] hwnd=0x1012E iconRight=2660 trayLeft=5054
2026-08-03 14:06:44.395 [INFO] [Taskbar.Bounds] hwnd=0x100E2 iconRight=639 trayLeft=2253
2026-08-03 14:06:44.401 [INFO] [Taskbar.Bounds] hwnd=0x1012E iconRight=2660 trayLeft=5054
2026-08-03 14:06:44.927 [INFO] [Taskbar.Bounds] hwnd=0x100E2 iconRight=639 trayLeft=2253
2026-08-03 14:06:44.935 [INFO] [Taskbar.Bounds] hwnd=0x1012E iconRight=2660 trayLeft=5054
2026-08-03 14:06:45.455 [INFO] [Taskbar.Bounds] hwnd=0x100E2 iconRight=639 trayLeft=2253
2026-08-03 14:06:45.459 [INFO] [Taskbar.Bounds] hwnd=0x1012E iconRight=2660 trayLeft=5054
2026-08-03 14:06:45.994 [INFO] [Taskbar.Bounds] hwnd=0x100E2 iconRight=639 trayLeft=2253
2026-08-03 14:06:46.000 [INFO] [Taskbar.Bounds] hwnd=0x1012E iconRight=2660 trayLeft=5054
2026-08-03 14:06:46.511 [INFO] [Taskbar.Bounds] hwnd=0x100E2 iconRight=639 trayLeft=2253
2026-08-03 14:06:46.515 [INFO] [Taskbar.Bounds] hwnd=0x1012E iconRight=2660 trayLeft=5054
2026-08-03 14:06:47.042 [INFO] [Taskbar.Bounds] hwnd=0x100E2 iconRight=639 trayLeft=2253
2026-08-03 14:06:47.045 [INFO] [Taskbar.Bounds] hwnd=0x1012E iconRight=2660 trayLeft=5054
2026-08-03 14:06:47.576 [INFO] [Taskbar.Bounds] hwnd=0x100E2 iconRight=639 trayLeft=2253
2026-08-03 14:06:47.580 [INFO] [Taskbar.Bounds] hwnd=0x1012E iconRight=2660 trayLeft=5054
2026-08-03 14:06:48.103 [INFO] [Taskbar.Bounds] hwnd=0x100E2 iconRight=639 trayLeft=2253
2026-08-03 14:06:48.108 [INFO] [Taskbar.Bounds] hwnd=0x1012E iconRight=2660 trayLeft=5054
2026-08-03 14:06:48.631 [INFO] [Taskbar.Bounds] hwnd=0x100E2 iconRight=639 trayLeft=2253
2026-08-03 14:06:48.636 [INFO] [Taskbar.Bounds] hwnd=0x1012E iconRight=2660 trayLeft=5054
2026-08-03 14:06:49.169 [INFO] [Taskbar.Bounds] hwnd=0x100E2 iconRight=639 trayLeft=2253
2026-08-03 14:06:49.174 [INFO] [Taskbar.Bounds] hwnd=0x1012E iconRight=2660 trayLeft=5054
2026-08-03 14:06:49.695 [INFO] [Taskbar.Bounds] hwnd=0x100E2 iconRight=639 trayLeft=2253
2026-08-03 14:06:49.699 [INFO] [Taskbar.Bounds] hwnd=0x1012E iconRight=2660 trayLeft=5054
2026-08-03 14:06:50.259 [INFO] [Taskbar.Bounds] hwnd=0x100E2 iconRight=639 trayLeft=2253
2026-08-03 14:06:50.268 [INFO] [Taskbar.Bounds] hwnd=0x1012E iconRight=2660 trayLeft=5054
2026-08-03 14:06:50.774 [INFO] [Taskbar.Bounds] hwnd=0x100E2 iconRight=639 trayLeft=2253
2026-08-03 14:06:50.778 [INFO] [Taskbar.Bounds] hwnd=0x1012E iconRight=2660 trayLeft=5054
2026-08-03 14:06:51.294 [INFO] [Taskbar.Bounds] hwnd=0x100E2 iconRight=639 trayLeft=2253
2026-08-03 14:06:51.298 [INFO] [Taskbar.Bounds] hwnd=0x1012E iconRight=2660 trayLeft=5054
2026-08-03 14:06:51.820 [INFO] [Taskbar.Bounds] hwnd=0x100E2 iconRight=639 trayLeft=2253
2026-08-03 14:06:51.824 [INFO] [Taskbar.Bounds] hwnd=0x1012E iconRight=2660 trayLeft=5054
2026-08-03 14:06:52.356 [INFO] [Taskbar.Bounds] hwnd=0x100E2 iconRight=639 trayLeft=2253
2026-08-03 14:06:52.361 [INFO] [Taskbar.Bounds] hwnd=0x1012E iconRight=2660 trayLeft=5054
2026-08-03 14:06:52.894 [INFO] [Taskbar.Bounds] hwnd=0x100E2 iconRight=639 trayLeft=2253
2026-08-03 14:06:52.899 [INFO] [Taskbar.Bounds] hwnd=0x1012E iconRight=2660 trayLeft=5054
2026-08-03 14:06:53.429 [INFO] [Taskbar.Bounds] hwnd=0x100E2 iconRight=639 trayLeft=2253
2026-08-03 14:06:53.434 [INFO] [Taskbar.Bounds] hwnd=0x1012E iconRight=2660 trayLeft=5054
2026-08-03 14:06:53.962 [INFO] [Taskbar.Bounds] hwnd=0x100E2 iconRight=639 trayLeft=2253
2026-08-03 14:06:53.967 [INFO] [Taskbar.Bounds] hwnd=0x1012E iconRight=2660 trayLeft=5054
2026-08-03 14:06:54.497 [INFO] [Taskbar.Bounds] hwnd=0x100E2 iconRight=639 trayLeft=2253
2026-08-03 14:06:54.501 [INFO] [Taskbar.Bounds] hwnd=0x1012E iconRight=2660 trayLeft=5054
2026-08-03 14:06:55.016 [INFO] [Taskbar.Bounds] hwnd=0x100E2 iconRight=639 trayLeft=2253
2026-08-03 14:06:55.019 [INFO] [Taskbar.Bounds] hwnd=0x1012E iconRight=2660 trayLeft=5054
2026-08-03 14:06:55.543 [INFO] [Taskbar.Bounds] hwnd=0x100E2 iconRight=639 trayLeft=2253
2026-08-03 14:06:55.548 [INFO] [Taskbar.Bounds] hwnd=0x1012E iconRight=2660 trayLeft=5054
2026-08-03 14:06:56.072 [INFO] [Taskbar.Bounds] hwnd=0x100E2 iconRight=639 trayLeft=2253
2026-08-03 14:06:56.076 [INFO] [Taskbar.Bounds] hwnd=0x1012E iconRight=2660 trayLeft=5054
2026-08-03 14:06:56.615 [INFO] [Taskbar.Bounds] hwnd=0x100E2 iconRight=639 trayLeft=2253
2026-08-03 14:06:56.619 [INFO] [Taskbar.Bounds] hwnd=0x1012E iconRight=2660 trayLeft=5054
2026-08-03 14:06:57.130 [INFO] [Taskbar.Bounds] hwnd=0x100E2 iconRight=639 trayLeft=2253
2026-08-03 14:06:57.135 [INFO] [Taskbar.Bounds] hwnd=0x1012E iconRight=2660 trayLeft=5054
2026-08-03 14:06:57.666 [INFO] [Taskbar.Bounds] hwnd=0x100E2 iconRight=639 trayLeft=2253
2026-08-03 14:06:57.671 [INFO] [Taskbar.Bounds] hwnd=0x1012E iconRight=2660 trayLeft=5054
2026-08-03 14:06:58.197 [INFO] [Taskbar.Bounds] hwnd=0x100E2 iconRight=639 trayLeft=2253
2026-08-03 14:06:58.202 [INFO] [Taskbar.Bounds] hwnd=0x1012E iconRight=2660 trayLeft=5054
2026-08-03 14:06:58.735 [INFO] [Taskbar.Bounds] hwnd=0x100E2 iconRight=639 trayLeft=2253
2026-08-03 14:06:58.739 [INFO] [Taskbar.Bounds] hwnd=0x1012E iconRight=2660 trayLeft=5054
2026-08-03 14:06:59.275 [INFO] [Taskbar.Bounds] hwnd=0x100E2 iconRight=639 trayLeft=2253
2026-08-03 14:06:59.280 [INFO] [Taskbar.Bounds] hwnd=0x1012E iconRight=2660 trayLeft=5054
2026-08-03 14:06:59.795 [INFO] [Taskbar.Bounds] hwnd=0x100E2 iconRight=639 trayLeft=2253
2026-08-03 14:06:59.800 [INFO] [Taskbar.Bounds] hwnd=0x1012E iconRight=2660 trayLeft=5054
2026-08-03 14:07:00.328 [INFO] [Taskbar.Bounds] hwnd=0x100E2 iconRight=639 trayLeft=2253
2026-08-03 14:07:00.333 [INFO] [Taskbar.Bounds] hwnd=0x1012E iconRight=2660 trayLeft=5054
2026-08-03 14:07:00.851 [INFO] [Taskbar.Bounds] hwnd=0x100E2 iconRight=639 trayLeft=2253
2026-08-03 14:07:00.856 [INFO] [Taskbar.Bounds] hwnd=0x1012E iconRight=2660 trayLeft=5054
2026-08-03 14:07:01.385 [INFO] [Taskbar.Bounds] hwnd=0x100E2 iconRight=639 trayLeft=2253
2026-08-03 14:07:01.390 [INFO] [Taskbar.Bounds] hwnd=0x1012E iconRight=2660 trayLeft=5054
2026-08-03 14:07:01.931 [INFO] [Taskbar.Bounds] hwnd=0x100E2 iconRight=639 trayLeft=2253
2026-08-03 14:07:01.935 [INFO] [Taskbar.Bounds] hwnd=0x1012E iconRight=2660 trayLeft=5054
2026-08-03 14:07:02.459 [INFO] [Taskbar.Bounds] hwnd=0x100E2 iconRight=639 trayLeft=2253
2026-08-03 14:07:02.463 [INFO] [Taskbar.Bounds] hwnd=0x1012E iconRight=2660 trayLeft=5054
2026-08-03 14:07:02.987 [INFO] [Taskbar.Bounds] hwnd=0x100E2 iconRight=639 trayLeft=2253
2026-08-03 14:07:02.991 [INFO] [Taskbar.Bounds] hwnd=0x1012E iconRight=2660 trayLeft=5054
2026-08-03 14:07:03.521 [INFO] [Taskbar.Bounds] hwnd=0x100E2 iconRight=639 trayLeft=2253
2026-08-03 14:07:03.524 [INFO] [Taskbar.Bounds] hwnd=0x1012E iconRight=2660 trayLeft=5054
2026-08-03 14:07:04.043 [INFO] [Taskbar.Bounds] hwnd=0x100E2 iconRight=639 trayLeft=2253
2026-08-03 14:07:04.047 [INFO] [Taskbar.Bounds] hwnd=0x1012E iconRight=2660 trayLeft=5054
2026-08-03 14:07:04.570 [INFO] [Taskbar.Bounds] hwnd=0x100E2 iconRight=639 trayLeft=2253
2026-08-03 14:07:04.575 [INFO] [Taskbar.Bounds] hwnd=0x1012E iconRight=2660 trayLeft=5054
2026-08-03 14:07:05.105 [INFO] [Taskbar.Bounds] hwnd=0x100E2 iconRight=639 trayLeft=2253
2026-08-03 14:07:05.110 [INFO] [Taskbar.Bounds] hwnd=0x1012E iconRight=2660 trayLeft=5054
2026-08-03 14:07:05.634 [INFO] [Taskbar.Bounds] hwnd=0x100E2 iconRight=639 trayLeft=2253
2026-08-03 14:07:05.639 [INFO] [Taskbar.Bounds] hwnd=0x1012E iconRight=2660 trayLeft=5054
2026-08-03 14:07:06.163 [INFO] [Taskbar.Bounds] hwnd=0x100E2 iconRight=639 trayLeft=2253
2026-08-03 14:07:06.167 [INFO] [Taskbar.Bounds] hwnd=0x1012E iconRight=2660 trayLeft=5054
2026-08-03 14:07:06.702 [INFO] [Taskbar.Bounds] hwnd=0x100E2 iconRight=639 trayLeft=2253
2026-08-03 14:07:06.707 [INFO] [Taskbar.Bounds] hwnd=0x1012E iconRight=2660 trayLeft=5054
2026-08-03 14:07:07.237 [INFO] [Taskbar.Bounds] hwnd=0x100E2 iconRight=639 trayLeft=2253
2026-08-03 14:07:07.242 [INFO] [Taskbar.Bounds] hwnd=0x1012E iconRight=2660 trayLeft=5054
2026-08-03 14:07:07.777 [INFO] [Taskbar.Bounds] hwnd=0x100E2 iconRight=639 trayLeft=2253
2026-08-03 14:07:07.781 [INFO] [Taskbar.Bounds] hwnd=0x1012E iconRight=2660 trayLeft=5054
2026-08-03 14:07:08.294 [INFO] [Taskbar.Bounds] hwnd=0x100E2 iconRight=639 trayLeft=2253
2026-08-03 14:07:08.299 [INFO] [Taskbar.Bounds] hwnd=0x1012E iconRight=2660 trayLeft=5054
2026-08-03 14:07:08.838 [INFO] [Taskbar.Bounds] hwnd=0x100E2 iconRight=639 trayLeft=2253
2026-08-03 14:07:08.843 [INFO] [Taskbar.Bounds] hwnd=0x1012E iconRight=2660 trayLeft=5054
2026-08-03 14:07:09.353 [INFO] [Taskbar.Bounds] hwnd=0x100E2 iconRight=639 trayLeft=2253
2026-08-03 14:07:09.356 [INFO] [Taskbar.Bounds] hwnd=0x1012E iconRight=2660 trayLeft=5054
2026-08-03 14:07:09.883 [INFO] [Taskbar.Bounds] hwnd=0x100E2 iconRight=639 trayLeft=2253
2026-08-03 14:07:09.886 [INFO] [Taskbar.Bounds] hwnd=0x1012E iconRight=2660 trayLeft=5054
2026-08-03 14:07:10.415 [INFO] [Taskbar.Bounds] hwnd=0x100E2 iconRight=639 trayLeft=2253
2026-08-03 14:07:10.418 [INFO] [Taskbar.Bounds] hwnd=0x1012E iconRight=2660 trayLeft=5054
2026-08-03 14:07:10.965 [INFO] [Taskbar.Bounds] hwnd=0x100E2 iconRight=639 trayLeft=2253
2026-08-03 14:07:10.969 [INFO] [Taskbar.Bounds] hwnd=0x1012E iconRight=2660 trayLeft=5054
2026-08-03 14:07:11.197 [INFO] [Taskbar.Bounds] hwnd=0x100E2 iconRight=639 trayLeft=2253
2026-08-03 14:07:11.202 [INFO] [Taskbar.Bounds] hwnd=0x1012E iconRight=2660 trayLeft=5054
2026-08-03 14:07:11.475 [INFO] [Taskbar.Bounds] hwnd=0x100E2 iconRight=639 trayLeft=2253
2026-08-03 14:07:11.480 [INFO] [Taskbar.Bounds] hwnd=0x1012E iconRight=2660 trayLeft=5054
2026-08-03 14:07:12.021 [INFO] [Taskbar.Bounds] hwnd=0x100E2 iconRight=639 trayLeft=2253
2026-08-03 14:07:12.026 [INFO] [Taskbar.Bounds] hwnd=0x1012E iconRight=2660 trayLeft=5054
2026-08-03 14:07:12.552 [INFO] [Taskbar.Bounds] hwnd=0x100E2 iconRight=639 trayLeft=2253
2026-08-03 14:07:12.556 [INFO] [Taskbar.Bounds] hwnd=0x1012E iconRight=2660 trayLeft=5054
2026-08-03 14:07:13.069 [INFO] [Taskbar.Bounds] hwnd=0x100E2 iconRight=639 trayLeft=2253
2026-08-03 14:07:13.073 [INFO] [Taskbar.Bounds] hwnd=0x1012E iconRight=2660 trayLeft=5054
2026-08-03 14:07:13.604 [INFO] [Taskbar.Bounds] hwnd=0x100E2 iconRight=639 trayLeft=2253
2026-08-03 14:07:13.608 [INFO] [Taskbar.Bounds] hwnd=0x1012E iconRight=2660 trayLeft=5054
2026-08-03 14:07:14.136 [INFO] [Taskbar.Bounds] hwnd=0x100E2 iconRight=639 trayLeft=2253
2026-08-03 14:07:14.139 [INFO] [Taskbar.Bounds] hwnd=0x1012E iconRight=2660 trayLeft=5054
2026-08-03 14:07:14.678 [INFO] [Taskbar.Bounds] hwnd=0x100E2 iconRight=639 trayLeft=2253
2026-08-03 14:07:14.684 [INFO] [Taskbar.Bounds] hwnd=0x1012E iconRight=2660 trayLeft=5054
2026-08-03 14:07:15.207 [INFO] [Taskbar.Bounds] hwnd=0x100E2 iconRight=639 trayLeft=2253
2026-08-03 14:07:15.212 [INFO] [Taskbar.Bounds] hwnd=0x1012E iconRight=2660 trayLeft=5054
2026-08-03 14:07:15.740 [INFO] [Taskbar.Bounds] hwnd=0x100E2 iconRight=639 trayLeft=2253
2026-08-03 14:07:15.743 [INFO] [Taskbar.Bounds] hwnd=0x1012E iconRight=2660 trayLeft=5054
2026-08-03 14:07:16.271 [INFO] [Taskbar.Bounds] hwnd=0x100E2 iconRight=639 trayLeft=2253
2026-08-03 14:07:16.275 [INFO] [Taskbar.Bounds] hwnd=0x1012E iconRight=2660 trayLeft=5054
2026-08-03 14:07:16.803 [INFO] [Taskbar.Bounds] hwnd=0x100E2 iconRight=639 trayLeft=2253
2026-08-03 14:07:16.807 [INFO] [Taskbar.Bounds] hwnd=0x1012E iconRight=2660 trayLeft=5054
2026-08-03 14:07:17.329 [INFO] [Taskbar.Bounds] hwnd=0x100E2 iconRight=639 trayLeft=2253
2026-08-03 14:07:17.335 [INFO] [Taskbar.Bounds] hwnd=0x1012E iconRight=2660 trayLeft=5054
2026-08-03 14:07:17.862 [INFO] [Taskbar.Bounds] hwnd=0x100E2 iconRight=639 trayLeft=2253
2026-08-03 14:07:17.866 [INFO] [Taskbar.Bounds] hwnd=0x1012E iconRight=2660 trayLeft=5054
2026-08-03 14:07:18.402 [INFO] [Taskbar.Bounds] hwnd=0x100E2 iconRight=639 trayLeft=2253
2026-08-03 14:07:18.406 [INFO] [Taskbar.Bounds] hwnd=0x1012E iconRight=2660 trayLeft=5054
2026-08-03 14:07:18.916 [INFO] [Taskbar.Bounds] hwnd=0x100E2 iconRight=639 trayLeft=2253
2026-08-03 14:07:18.922 [INFO] [Taskbar.Bounds] hwnd=0x1012E iconRight=2660 trayLeft=5054
2026-08-03 14:07:19.454 [INFO] [Taskbar.Bounds] hwnd=0x100E2 iconRight=639 trayLeft=2253
2026-08-03 14:07:19.458 [INFO] [Taskbar.Bounds] hwnd=0x1012E iconRight=2660 trayLeft=5054
2026-08-03 14:07:19.994 [INFO] [Taskbar.Bounds] hwnd=0x100E2 iconRight=639 trayLeft=2253
2026-08-03 14:07:19.999 [INFO] [Taskbar.Bounds] hwnd=0x1012E iconRight=2660 trayLeft=5054
2026-08-03 14:07:20.514 [INFO] [Taskbar.Bounds] hwnd=0x100E2 iconRight=639 trayLeft=2253
2026-08-03 14:07:20.519 [INFO] [Taskbar.Bounds] hwnd=0x1012E iconRight=2660 trayLeft=5054
2026-08-03 14:07:21.042 [INFO] [Taskbar.Bounds] hwnd=0x100E2 iconRight=639 trayLeft=2253
2026-08-03 14:07:21.047 [INFO] [Taskbar.Bounds] hwnd=0x1012E iconRight=2660 trayLeft=5054
2026-08-03 14:07:21.575 [INFO] [Taskbar.Bounds] hwnd=0x100E2 iconRight=639 trayLeft=2253
2026-08-03 14:07:21.579 [INFO] [Taskbar.Bounds] hwnd=0x1012E iconRight=2660 trayLeft=5054
2026-08-03 14:07:22.113 [INFO] [Taskbar.Bounds] hwnd=0x100E2 iconRight=639 trayLeft=2253
2026-08-03 14:07:22.117 [INFO] [Taskbar.Bounds] hwnd=0x1012E iconRight=2660 trayLeft=5054
2026-08-03 14:07:22.646 [INFO] [Taskbar.Bounds] hwnd=0x100E2 iconRight=639 trayLeft=2253
2026-08-03 14:07:22.650 [INFO] [Taskbar.Bounds] hwnd=0x1012E iconRight=2660 trayLeft=5054
2026-08-03 14:07:23.175 [INFO] [Taskbar.Bounds] hwnd=0x100E2 iconRight=639 trayLeft=2253
2026-08-03 14:07:23.179 [INFO] [Taskbar.Bounds] hwnd=0x1012E iconRight=2660 trayLeft=5054
2026-08-03 14:07:23.709 [INFO] [Taskbar.Bounds] hwnd=0x100E2 iconRight=639 trayLeft=2253
2026-08-03 14:07:23.713 [INFO] [Taskbar.Bounds] hwnd=0x1012E iconRight=2660 trayLeft=5054
2026-08-03 14:07:24.239 [INFO] [Taskbar.Bounds] hwnd=0x100E2 iconRight=639 trayLeft=2253
2026-08-03 14:07:24.244 [INFO] [Taskbar.Bounds] hwnd=0x1012E iconRight=2660 trayLeft=5054
2026-08-03 14:07:24.767 [INFO] [Taskbar.Bounds] hwnd=0x100E2 iconRight=639 trayLeft=2253
2026-08-03 14:07:24.771 [INFO] [Taskbar.Bounds] hwnd=0x1012E iconRight=2660 trayLeft=5054
2026-08-03 14:07:25.293 [INFO] [Taskbar.Bounds] hwnd=0x100E2 iconRight=639 trayLeft=2253
2026-08-03 14:07:25.296 [INFO] [Taskbar.Bounds] hwnd=0x1012E iconRight=2660 trayLeft=5054
2026-08-03 14:07:25.834 [INFO] [Taskbar.Bounds] hwnd=0x100E2 iconRight=639 trayLeft=2253
2026-08-03 14:07:25.838 [INFO] [Taskbar.Bounds] hwnd=0x1012E iconRight=2660 trayLeft=5054
2026-08-03 14:07:27.343 [INFO] [Taskbar.Bounds] hwnd=0x100E2 iconRight=639 trayLeft=2253
2026-08-03 14:07:27.364 [INFO] [Taskbar.Bounds] hwnd=0x1012E iconRight=2660 trayLeft=5054
2026-08-03 14:07:27.404 [INFO] [Taskbar.Bounds] hwnd=0x100E2 iconRight=639 trayLeft=2253
2026-08-03 14:07:27.411 [INFO] [Taskbar.Bounds] hwnd=0x1012E iconRight=2660 trayLeft=5054
2026-08-03 14:07:27.559 [INFO] [Taskbar.Bounds] hwnd=0x100E2 iconRight=639 trayLeft=2253
2026-08-03 14:07:27.566 [INFO] [Taskbar.Bounds] hwnd=0x1012E iconRight=2660 trayLeft=5054
2026-08-03 14:07:27.978 [INFO] [Taskbar.Bounds] hwnd=0x100E2 iconRight=639 trayLeft=2253
2026-08-03 14:07:27.984 [INFO] [Taskbar.Bounds] hwnd=0x1012E iconRight=2660 trayLeft=5054
2026-08-03 14:07:28.635 [INFO] [Taskbar.Bounds] hwnd=0x100E2 iconRight=639 trayLeft=2253
2026-08-03 14:07:28.639 [INFO] [Taskbar.Bounds] hwnd=0x1012E iconRight=2660 trayLeft=5054
2026-08-03 14:07:29.009 [INFO] [Taskbar.Bounds] hwnd=0x100E2 iconRight=639 trayLeft=2253
2026-08-03 14:07:29.013 [INFO] [Taskbar.Bounds] hwnd=0x1012E iconRight=2660 trayLeft=5054
2026-08-03 14:07:29.537 [INFO] [Taskbar.Bounds] hwnd=0x100E2 iconRight=639 trayLeft=2253
2026-08-03 14:07:29.541 [INFO] [Taskbar.Bounds] hwnd=0x1012E iconRight=2660 trayLeft=5054
2026-08-03 14:07:30.071 [INFO] [Taskbar.Bounds] hwnd=0x100E2 iconRight=639 trayLeft=2253
2026-08-03 14:07:30.074 [INFO] [Taskbar.Bounds] hwnd=0x1012E iconRight=2660 trayLeft=5054
2026-08-03 14:07:30.614 [INFO] [Taskbar.Bounds] hwnd=0x100E2 iconRight=639 trayLeft=2253
2026-08-03 14:07:30.618 [INFO] [Taskbar.Bounds] hwnd=0x1012E iconRight=2660 trayLeft=5054
2026-08-03 14:07:31.145 [INFO] [Taskbar.Bounds] hwnd=0x100E2 iconRight=639 trayLeft=2253
2026-08-03 14:07:31.149 [INFO] [Taskbar.Bounds] hwnd=0x1012E iconRight=2660 trayLeft=5054
2026-08-03 14:07:31.674 [INFO] [Taskbar.Bounds] hwnd=0x100E2 iconRight=639 trayLeft=2253
2026-08-03 14:07:31.677 [INFO] [Taskbar.Bounds] hwnd=0x1012E iconRight=2660 trayLeft=5054
2026-08-03 14:07:32.203 [INFO] [Taskbar.Bounds] hwnd=0x100E2 iconRight=639 trayLeft=2253
2026-08-03 14:07:32.207 [INFO] [Taskbar.Bounds] hwnd=0x1012E iconRight=2660 trayLeft=5054
2026-08-03 14:07:32.734 [INFO] [Taskbar.Bounds] hwnd=0x100E2 iconRight=639 trayLeft=2253
2026-08-03 14:07:32.738 [INFO] [Taskbar.Bounds] hwnd=0x1012E iconRight=2660 trayLeft=5054
2026-08-03 14:07:33.262 [INFO] [Taskbar.Bounds] hwnd=0x100E2 iconRight=639 trayLeft=2253
2026-08-03 14:07:33.266 [INFO] [Taskbar.Bounds] hwnd=0x1012E iconRight=2660 trayLeft=5054
2026-08-03 14:07:33.796 [INFO] [Taskbar.Bounds] hwnd=0x100E2 iconRight=639 trayLeft=2253
2026-08-03 14:07:33.801 [INFO] [Taskbar.Bounds] hwnd=0x1012E iconRight=2660 trayLeft=5054
2026-08-03 14:07:34.329 [INFO] [Taskbar.Bounds] hwnd=0x100E2 iconRight=639 trayLeft=2253
2026-08-03 14:07:34.334 [INFO] [Taskbar.Bounds] hwnd=0x1012E iconRight=2660 trayLeft=5054
2026-08-03 14:07:34.851 [INFO] [Taskbar.Bounds] hwnd=0x100E2 iconRight=639 trayLeft=2253
2026-08-03 14:07:34.856 [INFO] [Taskbar.Bounds] hwnd=0x1012E iconRight=2660 trayLeft=5054
2026-08-03 14:07:35.384 [INFO] [Taskbar.Bounds] hwnd=0x100E2 iconRight=639 trayLeft=2253
2026-08-03 14:07:35.389 [INFO] [Taskbar.Bounds] hwnd=0x1012E iconRight=2660 trayLeft=5054
2026-08-03 14:07:35.927 [INFO] [Taskbar.Bounds] hwnd=0x100E2 iconRight=639 trayLeft=2253
2026-08-03 14:07:35.931 [INFO] [Taskbar.Bounds] hwnd=0x1012E iconRight=2660 trayLeft=5054
2026-08-03 14:07:36.448 [INFO] [Taskbar.Bounds] hwnd=0x100E2 iconRight=639 trayLeft=2253
2026-08-03 14:07:36.451 [INFO] [Taskbar.Bounds] hwnd=0x1012E iconRight=2660 trayLeft=5054
2026-08-03 14:07:36.978 [INFO] [Taskbar.Bounds] hwnd=0x100E2 iconRight=639 trayLeft=2253
2026-08-03 14:07:36.982 [INFO] [Taskbar.Bounds] hwnd=0x1012E iconRight=2660 trayLeft=5054
2026-08-03 14:07:37.507 [INFO] [Taskbar.Bounds] hwnd=0x100E2 iconRight=639 trayLeft=2253
2026-08-03 14:07:37.511 [INFO] [Taskbar.Bounds] hwnd=0x1012E iconRight=2660 trayLeft=5054
2026-08-03 14:07:38.050 [INFO] [Taskbar.Bounds] hwnd=0x100E2 iconRight=639 trayLeft=2253
2026-08-03 14:07:38.055 [INFO] [Taskbar.Bounds] hwnd=0x1012E iconRight=2660 trayLeft=5054
2026-08-03 14:07:38.590 [INFO] [Taskbar.Bounds] hwnd=0x100E2 iconRight=639 trayLeft=2253
2026-08-03 14:07:38.596 [INFO] [Taskbar.Bounds] hwnd=0x1012E iconRight=2660 trayLeft=5054
2026-08-03 14:07:39.109 [INFO] [Taskbar.Bounds] hwnd=0x100E2 iconRight=639 trayLeft=2253
2026-08-03 14:07:39.112 [INFO] [Taskbar.Bounds] hwnd=0x1012E iconRight=2660 trayLeft=5054
2026-08-03 14:07:39.635 [INFO] [Taskbar.Bounds] hwnd=0x100E2 iconRight=639 trayLeft=2253
2026-08-03 14:07:39.640 [INFO] [Taskbar.Bounds] hwnd=0x1012E iconRight=2660 trayLeft=5054
2026-08-03 14:07:40.177 [INFO] [Taskbar.Bounds] hwnd=0x100E2 iconRight=639 trayLeft=2253
2026-08-03 14:07:40.183 [INFO] [Taskbar.Bounds] hwnd=0x1012E iconRight=2660 trayLeft=5054
2026-08-03 14:07:40.694 [INFO] [Taskbar.Bounds] hwnd=0x100E2 iconRight=639 trayLeft=2253
2026-08-03 14:07:40.699 [INFO] [Taskbar.Bounds] hwnd=0x1012E iconRight=2660 trayLeft=5054
2026-08-03 14:07:41.242 [INFO] [Taskbar.Bounds] hwnd=0x100E2 iconRight=639 trayLeft=2253
2026-08-03 14:07:41.246 [INFO] [Taskbar.Bounds] hwnd=0x1012E iconRight=2660 trayLeft=5054
2026-08-03 14:07:41.758 [INFO] [Taskbar.Bounds] hwnd=0x100E2 iconRight=639 trayLeft=2253
2026-08-03 14:07:41.763 [INFO] [Taskbar.Bounds] hwnd=0x1012E iconRight=2660 trayLeft=5054
2026-08-03 14:07:42.303 [INFO] [Taskbar.Bounds] hwnd=0x100E2 iconRight=639 trayLeft=2253
2026-08-03 14:07:42.308 [INFO] [Taskbar.Bounds] hwnd=0x1012E iconRight=2660 trayLeft=5054
2026-08-03 14:07:42.834 [INFO] [Taskbar.Bounds] hwnd=0x100E2 iconRight=639 trayLeft=2253
2026-08-03 14:07:42.838 [INFO] [Taskbar.Bounds] hwnd=0x1012E iconRight=2660 trayLeft=5054
2026-08-03 14:07:43.365 [INFO] [Taskbar.Bounds] hwnd=0x100E2 iconRight=639 trayLeft=2253
2026-08-03 14:07:43.369 [INFO] [Taskbar.Bounds] hwnd=0x1012E iconRight=2660 trayLeft=5054
2026-08-03 14:07:43.894 [INFO] [Taskbar.Bounds] hwnd=0x100E2 iconRight=639 trayLeft=2253
2026-08-03 14:07:43.898 [INFO] [Taskbar.Bounds] hwnd=0x1012E iconRight=2660 trayLeft=5054
2026-08-03 14:07:44.415 [INFO] [Taskbar.Bounds] hwnd=0x100E2 iconRight=639 trayLeft=2253
2026-08-03 14:07:44.420 [INFO] [Taskbar.Bounds] hwnd=0x1012E iconRight=2660 trayLeft=5054
2026-08-03 14:07:44.944 [INFO] [Taskbar.Bounds] hwnd=0x100E2 iconRight=639 trayLeft=2253
2026-08-03 14:07:44.950 [INFO] [Taskbar.Bounds] hwnd=0x1012E iconRight=2660 trayLeft=5054
2026-08-03 14:07:45.478 [INFO] [Taskbar.Bounds] hwnd=0x100E2 iconRight=639 trayLeft=2253
2026-08-03 14:07:45.483 [INFO] [Taskbar.Bounds] hwnd=0x1012E iconRight=2660 trayLeft=5054
2026-08-03 14:07:46.024 [INFO] [Taskbar.Bounds] hwnd=0x100E2 iconRight=639 trayLeft=2253
2026-08-03 14:07:46.029 [INFO] [Taskbar.Bounds] hwnd=0x1012E iconRight=2660 trayLeft=5054
2026-08-03 14:07:46.558 [INFO] [Taskbar.Bounds] hwnd=0x100E2 iconRight=639 trayLeft=2253
2026-08-03 14:07:46.563 [INFO] [Taskbar.Bounds] hwnd=0x1012E iconRight=2660 trayLeft=5054
2026-08-03 14:07:47.082 [INFO] [Taskbar.Bounds] hwnd=0x100E2 iconRight=639 trayLeft=2253
2026-08-03 14:07:47.086 [INFO] [Taskbar.Bounds] hwnd=0x1012E iconRight=2660 trayLeft=5054
2026-08-03 14:07:47.614 [INFO] [Taskbar.Bounds] hwnd=0x100E2 iconRight=639 trayLeft=2253
2026-08-03 14:07:47.619 [INFO] [Taskbar.Bounds] hwnd=0x1012E iconRight=2660 trayLeft=5054
2026-08-03 14:07:48.140 [INFO] [Taskbar.Bounds] hwnd=0x100E2 iconRight=639 trayLeft=2253
2026-08-03 14:07:48.144 [INFO] [Taskbar.Bounds] hwnd=0x1012E iconRight=2660 trayLeft=5054
2026-08-03 14:07:48.670 [INFO] [Taskbar.Bounds] hwnd=0x100E2 iconRight=639 trayLeft=2253
2026-08-03 14:07:48.674 [INFO] [Taskbar.Bounds] hwnd=0x1012E iconRight=2660 trayLeft=5054
2026-08-03 14:07:49.194 [INFO] [Taskbar.Bounds] hwnd=0x100E2 iconRight=639 trayLeft=2253
2026-08-03 14:07:49.198 [INFO] [Taskbar.Bounds] hwnd=0x1012E iconRight=2660 trayLeft=5054
2026-08-03 14:07:49.739 [INFO] [Taskbar.Bounds] hwnd=0x100E2 iconRight=639 trayLeft=2253
2026-08-03 14:07:49.742 [INFO] [Taskbar.Bounds] hwnd=0x1012E iconRight=2660 trayLeft=5054
2026-08-03 14:07:50.283 [INFO] [Taskbar.Bounds] hwnd=0x100E2 iconRight=639 trayLeft=2253
2026-08-03 14:07:50.286 [INFO] [Taskbar.Bounds] hwnd=0x1012E iconRight=2660 trayLeft=5054
2026-08-03 14:07:50.805 [INFO] [Taskbar.Bounds] hwnd=0x100E2 iconRight=639 trayLeft=2253
2026-08-03 14:07:50.809 [INFO] [Taskbar.Bounds] hwnd=0x1012E iconRight=2660 trayLeft=5054
2026-08-03 14:07:51.328 [INFO] [Taskbar.Bounds] hwnd=0x100E2 iconRight=639 trayLeft=2253
2026-08-03 14:07:51.339 [INFO] [Taskbar.Bounds] hwnd=0x1012E iconRight=2660 trayLeft=5054
2026-08-03 14:07:51.863 [INFO] [Taskbar.Bounds] hwnd=0x100E2 iconRight=639 trayLeft=2253
2026-08-03 14:07:51.869 [INFO] [Taskbar.Bounds] hwnd=0x1012E iconRight=2660 trayLeft=5054
2026-08-03 14:07:52.393 [INFO] [Taskbar.Bounds] hwnd=0x100E2 iconRight=639 trayLeft=2253
2026-08-03 14:07:52.397 [INFO] [Taskbar.Bounds] hwnd=0x1012E iconRight=2660 trayLeft=5054
2026-08-03 14:07:52.922 [INFO] [Taskbar.Bounds] hwnd=0x100E2 iconRight=639 trayLeft=2253
2026-08-03 14:07:52.926 [INFO] [Taskbar.Bounds] hwnd=0x1012E iconRight=2660 trayLeft=5054
2026-08-03 14:07:53.455 [INFO] [Taskbar.Bounds] hwnd=0x100E2 iconRight=639 trayLeft=2253
2026-08-03 14:07:53.458 [INFO] [Taskbar.Bounds] hwnd=0x1012E iconRight=2660 trayLeft=5054
2026-08-03 14:07:53.994 [INFO] [Taskbar.Bounds] hwnd=0x100E2 iconRight=639 trayLeft=2253
2026-08-03 14:07:53.998 [INFO] [Taskbar.Bounds] hwnd=0x1012E iconRight=2660 trayLeft=5054
2026-08-03 14:07:54.513 [INFO] [Taskbar.Bounds] hwnd=0x100E2 iconRight=639 trayLeft=2253
2026-08-03 14:07:54.517 [INFO] [Taskbar.Bounds] hwnd=0x1012E iconRight=2660 trayLeft=5054
2026-08-03 14:07:55.045 [INFO] [Taskbar.Bounds] hwnd=0x100E2 iconRight=639 trayLeft=2253
2026-08-03 14:07:55.049 [INFO] [Taskbar.Bounds] hwnd=0x1012E iconRight=2660 trayLeft=5054
2026-08-03 14:07:55.571 [INFO] [Taskbar.Bounds] hwnd=0x100E2 iconRight=639 trayLeft=2253
2026-08-03 14:07:55.578 [INFO] [Taskbar.Bounds] hwnd=0x1012E iconRight=2660 trayLeft=5054
2026-08-03 14:07:56.113 [INFO] [Taskbar.Bounds] hwnd=0x100E2 iconRight=639 trayLeft=2253
2026-08-03 14:07:56.117 [INFO] [Taskbar.Bounds] hwnd=0x1012E iconRight=2660 trayLeft=5054
2026-08-03 14:07:56.647 [INFO] [Taskbar.Bounds] hwnd=0x100E2 iconRight=639 trayLeft=2253
2026-08-03 14:07:56.650 [INFO] [Taskbar.Bounds] hwnd=0x1012E iconRight=2660 trayLeft=5054
2026-08-03 14:07:57.165 [INFO] [Taskbar.Bounds] hwnd=0x100E2 iconRight=639 trayLeft=2253
2026-08-03 14:07:57.169 [INFO] [Taskbar.Bounds] hwnd=0x1012E iconRight=2660 trayLeft=5054
2026-08-03 14:07:57.719 [INFO] [Taskbar.Bounds] hwnd=0x100E2 iconRight=639 trayLeft=2253
2026-08-03 14:07:57.725 [INFO] [Taskbar.Bounds] hwnd=0x1012E iconRight=2660 trayLeft=5054
2026-08-03 14:07:58.239 [INFO] [Taskbar.Bounds] hwnd=0x100E2 iconRight=639 trayLeft=2253
2026-08-03 14:07:58.243 [INFO] [Taskbar.Bounds] hwnd=0x1012E iconRight=2660 trayLeft=5054
2026-08-03 14:07:58.770 [INFO] [Taskbar.Bounds] hwnd=0x100E2 iconRight=639 trayLeft=2253
2026-08-03 14:07:58.774 [INFO] [Taskbar.Bounds] hwnd=0x1012E iconRight=2660 trayLeft=5054
2026-08-03 14:07:59.295 [INFO] [Taskbar.Bounds] hwnd=0x100E2 iconRight=639 trayLeft=2253
2026-08-03 14:07:59.299 [INFO] [Taskbar.Bounds] hwnd=0x1012E iconRight=2660 trayLeft=5054
2026-08-03 14:07:59.825 [INFO] [Taskbar.Bounds] hwnd=0x100E2 iconRight=639 trayLeft=2253
2026-08-03 14:07:59.831 [INFO] [Taskbar.Bounds] hwnd=0x1012E iconRight=2660 trayLeft=5054
2026-08-03 14:08:00.362 [INFO] [Taskbar.Bounds] hwnd=0x100E2 iconRight=639 trayLeft=2253
2026-08-03 14:08:00.366 [INFO] [Taskbar.Bounds] hwnd=0x1012E iconRight=2660 trayLeft=5054
2026-08-03 14:08:00.899 [INFO] [Taskbar.Bounds] hwnd=0x100E2 iconRight=639 trayLeft=2253
2026-08-03 14:08:00.903 [INFO] [Taskbar.Bounds] hwnd=0x1012E iconRight=2660 trayLeft=5054
2026-08-03 14:08:01.416 [INFO] [Taskbar.Bounds] hwnd=0x100E2 iconRight=639 trayLeft=2253
2026-08-03 14:08:01.420 [INFO] [Taskbar.Bounds] hwnd=0x1012E iconRight=2660 trayLeft=5054
2026-08-03 14:08:01.964 [INFO] [Taskbar.Bounds] hwnd=0x100E2 iconRight=639 trayLeft=2253
2026-08-03 14:08:01.970 [INFO] [Taskbar.Bounds] hwnd=0x1012E iconRight=2660 trayLeft=5054
2026-08-03 14:08:02.482 [INFO] [Taskbar.Bounds] hwnd=0x100E2 iconRight=639 trayLeft=2253
2026-08-03 14:08:02.488 [INFO] [Taskbar.Bounds] hwnd=0x1012E iconRight=2660 trayLeft=5054
2026-08-03 14:08:03.018 [INFO] [Taskbar.Bounds] hwnd=0x100E2 iconRight=639 trayLeft=2253
2026-08-03 14:08:03.022 [INFO] [Taskbar.Bounds] hwnd=0x1012E iconRight=2660 trayLeft=5054
2026-08-03 14:08:03.550 [INFO] [Taskbar.Bounds] hwnd=0x100E2 iconRight=639 trayLeft=2253
2026-08-03 14:08:03.554 [INFO] [Taskbar.Bounds] hwnd=0x1012E iconRight=2660 trayLeft=5054
2026-08-03 14:08:04.064 [INFO] [Taskbar.Bounds] hwnd=0x100E2 iconRight=639 trayLeft=2253
2026-08-03 14:08:04.070 [INFO] [Taskbar.Bounds] hwnd=0x1012E iconRight=2660 trayLeft=5054
2026-08-03 14:08:04.610 [INFO] [Taskbar.Bounds] hwnd=0x100E2 iconRight=639 trayLeft=2253
2026-08-03 14:08:04.613 [INFO] [Taskbar.Bounds] hwnd=0x1012E iconRight=2660 trayLeft=5054
2026-08-03 14:08:05.138 [INFO] [Taskbar.Bounds] hwnd=0x100E2 iconRight=639 trayLeft=2253
2026-08-03 14:08:05.142 [INFO] [Taskbar.Bounds] hwnd=0x1012E iconRight=2660 trayLeft=5054
2026-08-03 14:08:05.664 [INFO] [Taskbar.Bounds] hwnd=0x100E2 iconRight=639 trayLeft=2253
2026-08-03 14:08:05.669 [INFO] [Taskbar.Bounds] hwnd=0x1012E iconRight=2660 trayLeft=5054
2026-08-03 14:08:06.202 [INFO] [Taskbar.Bounds] hwnd=0x100E2 iconRight=639 trayLeft=2253
2026-08-03 14:08:06.207 [INFO] [Taskbar.Bounds] hwnd=0x1012E iconRight=2660 trayLeft=5054
2026-08-03 14:08:06.730 [INFO] [Taskbar.Bounds] hwnd=0x100E2 iconRight=639 trayLeft=2253
2026-08-03 14:08:06.735 [INFO] [Taskbar.Bounds] hwnd=0x1012E iconRight=2660 trayLeft=5054
2026-08-03 14:08:07.259 [INFO] [Taskbar.Bounds] hwnd=0x100E2 iconRight=639 trayLeft=2253
2026-08-03 14:08:07.263 [INFO] [Taskbar.Bounds] hwnd=0x1012E iconRight=2660 trayLeft=5054
2026-08-03 14:08:07.788 [INFO] [Taskbar.Bounds] hwnd=0x100E2 iconRight=639 trayLeft=2253
2026-08-03 14:08:07.792 [INFO] [Taskbar.Bounds] hwnd=0x1012E iconRight=2660 trayLeft=5054
2026-08-03 14:08:08.336 [INFO] [Taskbar.Bounds] hwnd=0x100E2 iconRight=639 trayLeft=2253
2026-08-03 14:08:08.341 [INFO] [Taskbar.Bounds] hwnd=0x1012E iconRight=2660 trayLeft=5054
2026-08-03 14:08:08.873 [INFO] [Taskbar.Bounds] hwnd=0x100E2 iconRight=639 trayLeft=2253
2026-08-03 14:08:08.878 [INFO] [Taskbar.Bounds] hwnd=0x1012E iconRight=2660 trayLeft=5054
2026-08-03 14:08:09.387 [INFO] [Taskbar.Bounds] hwnd=0x100E2 iconRight=639 trayLeft=2253
2026-08-03 14:08:09.392 [INFO] [Taskbar.Bounds] hwnd=0x1012E iconRight=2660 trayLeft=5054
2026-08-03 14:08:09.917 [INFO] [Taskbar.Bounds] hwnd=0x100E2 iconRight=639 trayLeft=2253
2026-08-03 14:08:09.922 [INFO] [Taskbar.Bounds] hwnd=0x1012E iconRight=2660 trayLeft=5054
2026-08-03 14:08:10.448 [INFO] [Taskbar.Bounds] hwnd=0x100E2 iconRight=639 trayLeft=2253
2026-08-03 14:08:10.452 [INFO] [Taskbar.Bounds] hwnd=0x1012E iconRight=2660 trayLeft=5054
2026-08-03 14:08:10.977 [INFO] [Taskbar.Bounds] hwnd=0x100E2 iconRight=639 trayLeft=2253
2026-08-03 14:08:10.981 [INFO] [Taskbar.Bounds] hwnd=0x1012E iconRight=2660 trayLeft=5054
2026-08-03 14:08:11.524 [INFO] [Taskbar.Bounds] hwnd=0x100E2 iconRight=639 trayLeft=2253
2026-08-03 14:08:11.528 [INFO] [Taskbar.Bounds] hwnd=0x1012E iconRight=2660 trayLeft=5054
2026-08-03 14:08:12.053 [INFO] [Taskbar.Bounds] hwnd=0x100E2 iconRight=639 trayLeft=2253
2026-08-03 14:08:12.058 [INFO] [Taskbar.Bounds] hwnd=0x1012E iconRight=2660 trayLeft=5054
2026-08-03 14:08:12.590 [INFO] [Taskbar.Bounds] hwnd=0x100E2 iconRight=639 trayLeft=2253
2026-08-03 14:08:12.595 [INFO] [Taskbar.Bounds] hwnd=0x1012E iconRight=2660 trayLeft=5054
2026-08-03 14:08:13.110 [INFO] [Taskbar.Bounds] hwnd=0x100E2 iconRight=639 trayLeft=2253
2026-08-03 14:08:13.114 [INFO] [Taskbar.Bounds] hwnd=0x1012E iconRight=2660 trayLeft=5054
2026-08-03 14:08:13.640 [INFO] [Taskbar.Bounds] hwnd=0x100E2 iconRight=639 trayLeft=2253
2026-08-03 14:08:13.644 [INFO] [Taskbar.Bounds] hwnd=0x1012E iconRight=2660 trayLeft=5054
2026-08-03 14:08:14.170 [INFO] [Taskbar.Bounds] hwnd=0x100E2 iconRight=639 trayLeft=2253
2026-08-03 14:08:14.174 [INFO] [Taskbar.Bounds] hwnd=0x1012E iconRight=2660 trayLeft=5054
2026-08-03 14:08:14.694 [INFO] [Taskbar.Bounds] hwnd=0x100E2 iconRight=639 trayLeft=2253
2026-08-03 14:08:14.698 [INFO] [Taskbar.Bounds] hwnd=0x1012E iconRight=2660 trayLeft=5054
2026-08-03 14:08:15.243 [INFO] [Taskbar.Bounds] hwnd=0x100E2 iconRight=639 trayLeft=2253
2026-08-03 14:08:15.246 [INFO] [Taskbar.Bounds] hwnd=0x1012E iconRight=2660 trayLeft=5054
2026-08-03 14:08:15.764 [INFO] [Taskbar.Bounds] hwnd=0x100E2 iconRight=639 trayLeft=2253
2026-08-03 14:08:15.768 [INFO] [Taskbar.Bounds] hwnd=0x1012E iconRight=2660 trayLeft=5054
2026-08-03 14:08:16.300 [INFO] [Taskbar.Bounds] hwnd=0x100E2 iconRight=639 trayLeft=2253
2026-08-03 14:08:16.308 [INFO] [Taskbar.Bounds] hwnd=0x1012E iconRight=2660 trayLeft=5054
2026-08-03 14:08:16.827 [INFO] [Taskbar.Bounds] hwnd=0x100E2 iconRight=639 trayLeft=2253
2026-08-03 14:08:16.834 [INFO] [Taskbar.Bounds] hwnd=0x1012E iconRight=2660 trayLeft=5054
2026-08-03 14:08:17.355 [INFO] [Taskbar.Bounds] hwnd=0x100E2 iconRight=639 trayLeft=2253
2026-08-03 14:08:17.359 [INFO] [Taskbar.Bounds] hwnd=0x1012E iconRight=2660 trayLeft=5054
2026-08-03 14:08:17.894 [INFO] [Taskbar.Bounds] hwnd=0x100E2 iconRight=639 trayLeft=2253
2026-08-03 14:08:17.899 [INFO] [Taskbar.Bounds] hwnd=0x1012E iconRight=2660 trayLeft=5054
2026-08-03 14:08:18.412 [INFO] [Taskbar.Bounds] hwnd=0x100E2 iconRight=639 trayLeft=2253
2026-08-03 14:08:18.418 [INFO] [Taskbar.Bounds] hwnd=0x1012E iconRight=2660 trayLeft=5054
2026-08-03 14:08:18.960 [INFO] [Taskbar.Bounds] hwnd=0x100E2 iconRight=639 trayLeft=2253
2026-08-03 14:08:18.964 [INFO] [Taskbar.Bounds] hwnd=0x1012E iconRight=2660 trayLeft=5054
2026-08-03 14:08:19.493 [INFO] [Taskbar.Bounds] hwnd=0x100E2 iconRight=639 trayLeft=2253
2026-08-03 14:08:19.498 [INFO] [Taskbar.Bounds] hwnd=0x1012E iconRight=2660 trayLeft=5054
2026-08-03 14:08:20.030 [INFO] [Taskbar.Bounds] hwnd=0x100E2 iconRight=639 trayLeft=2253
2026-08-03 14:08:20.036 [INFO] [Taskbar.Bounds] hwnd=0x1012E iconRight=2660 trayLeft=5054
2026-08-03 14:08:20.548 [INFO] [Taskbar.Bounds] hwnd=0x100E2 iconRight=639 trayLeft=2253
2026-08-03 14:08:20.554 [INFO] [Taskbar.Bounds] hwnd=0x1012E iconRight=2660 trayLeft=5054
2026-08-03 14:08:21.078 [INFO] [Taskbar.Bounds] hwnd=0x100E2 iconRight=639 trayLeft=2253
2026-08-03 14:08:21.083 [INFO] [Taskbar.Bounds] hwnd=0x1012E iconRight=2660 trayLeft=5054
2026-08-03 14:08:21.612 [INFO] [Taskbar.Bounds] hwnd=0x100E2 iconRight=639 trayLeft=2253
2026-08-03 14:08:21.617 [INFO] [Taskbar.Bounds] hwnd=0x1012E iconRight=2660 trayLeft=5054
2026-08-03 14:08:22.144 [INFO] [Taskbar.Bounds] hwnd=0x100E2 iconRight=639 trayLeft=2253
2026-08-03 14:08:22.149 [INFO] [Taskbar.Bounds] hwnd=0x1012E iconRight=2660 trayLeft=5054
2026-08-03 14:08:22.671 [INFO] [Taskbar.Bounds] hwnd=0x100E2 iconRight=639 trayLeft=2253
2026-08-03 14:08:22.675 [INFO] [Taskbar.Bounds] hwnd=0x1012E iconRight=2660 trayLeft=5054
2026-08-03 14:08:23.200 [INFO] [Taskbar.Bounds] hwnd=0x100E2 iconRight=639 trayLeft=2253
2026-08-03 14:08:23.206 [INFO] [Taskbar.Bounds] hwnd=0x1012E iconRight=2660 trayLeft=5054
2026-08-03 14:08:23.729 [INFO] [Taskbar.Bounds] hwnd=0x100E2 iconRight=639 trayLeft=2253
2026-08-03 14:08:23.733 [INFO] [Taskbar.Bounds] hwnd=0x1012E iconRight=2660 trayLeft=5054
2026-08-03 14:08:24.263 [INFO] [Taskbar.Bounds] hwnd=0x100E2 iconRight=639 trayLeft=2253
2026-08-03 14:08:24.267 [INFO] [Taskbar.Bounds] hwnd=0x1012E iconRight=2660 trayLeft=5054
2026-08-03 14:08:24.793 [INFO] [Taskbar.Bounds] hwnd=0x100E2 iconRight=639 trayLeft=2253
2026-08-03 14:08:24.797 [INFO] [Taskbar.Bounds] hwnd=0x1012E iconRight=2660 trayLeft=5054
2026-08-03 14:08:25.324 [INFO] [Taskbar.Bounds] hwnd=0x100E2 iconRight=639 trayLeft=2253
2026-08-03 14:08:25.328 [INFO] [Taskbar.Bounds] hwnd=0x1012E iconRight=2660 trayLeft=5054
2026-08-03 14:08:25.856 [INFO] [Taskbar.Bounds] hwnd=0x100E2 iconRight=639 trayLeft=2253
2026-08-03 14:08:25.861 [INFO] [Taskbar.Bounds] hwnd=0x1012E iconRight=2660 trayLeft=5054
2026-08-03 14:08:26.399 [INFO] [Taskbar.Bounds] hwnd=0x100E2 iconRight=639 trayLeft=2253
2026-08-03 14:08:26.405 [INFO] [Taskbar.Bounds] hwnd=0x1012E iconRight=2660 trayLeft=5054
2026-08-03 14:08:26.926 [INFO] [Taskbar.Bounds] hwnd=0x100E2 iconRight=639 trayLeft=2253
2026-08-03 14:08:26.929 [INFO] [Taskbar.Bounds] hwnd=0x1012E iconRight=2660 trayLeft=5054
2026-08-03 14:08:27.468 [INFO] [Taskbar.Bounds] hwnd=0x100E2 iconRight=639 trayLeft=2253
2026-08-03 14:08:27.473 [INFO] [Taskbar.Bounds] hwnd=0x1012E iconRight=2660 trayLeft=5054
2026-08-03 14:08:27.989 [INFO] [Taskbar.Bounds] hwnd=0x100E2 iconRight=639 trayLeft=2253
2026-08-03 14:08:27.994 [INFO] [Taskbar.Bounds] hwnd=0x1012E iconRight=2660 trayLeft=5054
2026-08-03 14:08:28.526 [INFO] [Taskbar.Bounds] hwnd=0x100E2 iconRight=639 trayLeft=2253
2026-08-03 14:08:28.531 [INFO] [Taskbar.Bounds] hwnd=0x1012E iconRight=2660 trayLeft=5054
2026-08-03 14:08:29.051 [INFO] [Taskbar.Bounds] hwnd=0x100E2 iconRight=639 trayLeft=2253
2026-08-03 14:08:29.058 [INFO] [Taskbar.Bounds] hwnd=0x1012E iconRight=2660 trayLeft=5054
2026-08-03 14:08:29.581 [INFO] [Taskbar.Bounds] hwnd=0x100E2 iconRight=639 trayLeft=2253
2026-08-03 14:08:29.586 [INFO] [Taskbar.Bounds] hwnd=0x1012E iconRight=2660 trayLeft=5054
2026-08-03 14:08:30.116 [INFO] [Taskbar.Bounds] hwnd=0x100E2 iconRight=639 trayLeft=2253
2026-08-03 14:08:30.120 [INFO] [Taskbar.Bounds] hwnd=0x1012E iconRight=2660 trayLeft=5054
2026-08-03 14:08:30.634 [INFO] [Taskbar.Bounds] hwnd=0x100E2 iconRight=639 trayLeft=2253
2026-08-03 14:08:30.637 [INFO] [Taskbar.Bounds] hwnd=0x1012E iconRight=2660 trayLeft=5054
2026-08-03 14:08:31.165 [INFO] [Taskbar.Bounds] hwnd=0x100E2 iconRight=639 trayLeft=2253
2026-08-03 14:08:31.169 [INFO] [Taskbar.Bounds] hwnd=0x1012E iconRight=2660 trayLeft=5054
2026-08-03 14:08:31.707 [INFO] [Taskbar.Bounds] hwnd=0x100E2 iconRight=639 trayLeft=2253
2026-08-03 14:08:31.712 [INFO] [Taskbar.Bounds] hwnd=0x1012E iconRight=2660 trayLeft=5054
2026-08-03 14:08:32.239 [INFO] [Taskbar.Bounds] hwnd=0x100E2 iconRight=639 trayLeft=2253
2026-08-03 14:08:32.244 [INFO] [Taskbar.Bounds] hwnd=0x1012E iconRight=2660 trayLeft=5054
2026-08-03 14:08:32.767 [INFO] [Taskbar.Bounds] hwnd=0x100E2 iconRight=639 trayLeft=2253
2026-08-03 14:08:32.770 [INFO] [Taskbar.Bounds] hwnd=0x1012E iconRight=2660 trayLeft=5054
2026-08-03 14:08:33.301 [INFO] [Taskbar.Bounds] hwnd=0x100E2 iconRight=639 trayLeft=2253
2026-08-03 14:08:33.305 [INFO] [Taskbar.Bounds] hwnd=0x1012E iconRight=2660 trayLeft=5054
2026-08-03 14:08:33.825 [INFO] [Taskbar.Bounds] hwnd=0x100E2 iconRight=639 trayLeft=2253
2026-08-03 14:08:33.830 [INFO] [Taskbar.Bounds] hwnd=0x1012E iconRight=2660 trayLeft=5054
2026-08-03 14:08:34.356 [INFO] [Taskbar.Bounds] hwnd=0x100E2 iconRight=639 trayLeft=2253
2026-08-03 14:08:34.359 [INFO] [Taskbar.Bounds] hwnd=0x1012E iconRight=2660 trayLeft=5054
2026-08-03 14:08:34.898 [INFO] [Taskbar.Bounds] hwnd=0x100E2 iconRight=639 trayLeft=2253
2026-08-03 14:08:34.902 [INFO] [Taskbar.Bounds] hwnd=0x1012E iconRight=2660 trayLeft=5054
2026-08-03 14:08:35.420 [INFO] [Taskbar.Bounds] hwnd=0x100E2 iconRight=639 trayLeft=2253
2026-08-03 14:08:35.424 [INFO] [Taskbar.Bounds] hwnd=0x1012E iconRight=2660 trayLeft=5054
2026-08-03 14:08:35.953 [INFO] [Taskbar.Bounds] hwnd=0x100E2 iconRight=639 trayLeft=2253
2026-08-03 14:08:35.957 [INFO] [Taskbar.Bounds] hwnd=0x1012E iconRight=2660 trayLeft=5054
2026-08-03 14:08:36.493 [INFO] [Taskbar.Bounds] hwnd=0x100E2 iconRight=639 trayLeft=2253
2026-08-03 14:08:36.498 [INFO] [Taskbar.Bounds] hwnd=0x1012E iconRight=2660 trayLeft=5054
2026-08-03 14:08:37.015 [INFO] [Taskbar.Bounds] hwnd=0x100E2 iconRight=639 trayLeft=2253
2026-08-03 14:08:37.019 [INFO] [Taskbar.Bounds] hwnd=0x1012E iconRight=2660 trayLeft=5054
2026-08-03 14:08:37.544 [INFO] [Taskbar.Bounds] hwnd=0x100E2 iconRight=639 trayLeft=2253
2026-08-03 14:08:37.547 [INFO] [Taskbar.Bounds] hwnd=0x1012E iconRight=2660 trayLeft=5054
2026-08-03 14:08:38.090 [INFO] [Taskbar.Bounds] hwnd=0x100E2 iconRight=639 trayLeft=2253
2026-08-03 14:08:38.095 [INFO] [Taskbar.Bounds] hwnd=0x1012E iconRight=2660 trayLeft=5054
2026-08-03 14:08:38.601 [INFO] [Taskbar.Bounds] hwnd=0x100E2 iconRight=639 trayLeft=2253
2026-08-03 14:08:38.606 [INFO] [Taskbar.Bounds] hwnd=0x1012E iconRight=2660 trayLeft=5054
2026-08-03 14:08:39.149 [INFO] [Taskbar.Bounds] hwnd=0x100E2 iconRight=639 trayLeft=2253
2026-08-03 14:08:39.154 [INFO] [Taskbar.Bounds] hwnd=0x1012E iconRight=2660 trayLeft=5054
2026-08-03 14:08:39.675 [INFO] [Taskbar.Bounds] hwnd=0x100E2 iconRight=639 trayLeft=2253
2026-08-03 14:08:39.680 [INFO] [Taskbar.Bounds] hwnd=0x1012E iconRight=2660 trayLeft=5054
2026-08-03 14:08:40.205 [INFO] [Taskbar.Bounds] hwnd=0x100E2 iconRight=639 trayLeft=2253
2026-08-03 14:08:40.210 [INFO] [Taskbar.Bounds] hwnd=0x1012E iconRight=2660 trayLeft=5054
2026-08-03 14:08:40.738 [INFO] [Taskbar.Bounds] hwnd=0x100E2 iconRight=639 trayLeft=2253
2026-08-03 14:08:40.743 [INFO] [Taskbar.Bounds] hwnd=0x1012E iconRight=2660 trayLeft=5054
2026-08-03 14:08:41.398 [INFO] [Taskbar.Bounds] hwnd=0x100E2 iconRight=639 trayLeft=2253
2026-08-03 14:08:41.407 [INFO] [Taskbar.Bounds] hwnd=0x1012E iconRight=2660 trayLeft=5054
2026-08-03 14:08:42.078 [INFO] [Taskbar.Bounds] hwnd=0x100E2 iconRight=639 trayLeft=2253
2026-08-03 14:08:42.086 [INFO] [Taskbar.Bounds] hwnd=0x1012E iconRight=2660 trayLeft=5054
2026-08-03 14:08:42.658 [INFO] [Taskbar.Bounds] hwnd=0x100E2 iconRight=639 trayLeft=2253
2026-08-03 14:08:42.672 [INFO] [Taskbar.Bounds] hwnd=0x1012E iconRight=2660 trayLeft=5054
2026-08-03 14:08:42.893 [INFO] [Taskbar.Bounds] hwnd=0x100E2 iconRight=639 trayLeft=2253
2026-08-03 14:08:42.899 [INFO] [Taskbar.Bounds] hwnd=0x1012E iconRight=2660 trayLeft=5054
2026-08-03 14:08:43.401 [INFO] [Taskbar.Bounds] hwnd=0x100E2 iconRight=639 trayLeft=2253
2026-08-03 14:08:43.407 [INFO] [Taskbar.Bounds] hwnd=0x1012E iconRight=2660 trayLeft=5054
2026-08-03 14:08:43.927 [INFO] [Taskbar.Bounds] hwnd=0x100E2 iconRight=639 trayLeft=2253
2026-08-03 14:08:43.931 [INFO] [Taskbar.Bounds] hwnd=0x1012E iconRight=2660 trayLeft=5054
2026-08-03 14:08:44.484 [INFO] [Taskbar.Bounds] hwnd=0x100E2 iconRight=639 trayLeft=2253
2026-08-03 14:08:44.499 [INFO] [Taskbar.Bounds] hwnd=0x1012E iconRight=2660 trayLeft=5054
2026-08-03 14:08:44.993 [INFO] [Taskbar.Bounds] hwnd=0x100E2 iconRight=639 trayLeft=2253
2026-08-03 14:08:44.999 [INFO] [Taskbar.Bounds] hwnd=0x1012E iconRight=2660 trayLeft=5054
2026-08-03 14:08:45.517 [INFO] [Taskbar.Bounds] hwnd=0x100E2 iconRight=639 trayLeft=2253
2026-08-03 14:08:45.520 [INFO] [Taskbar.Bounds] hwnd=0x1012E iconRight=2660 trayLeft=5054
2026-08-03 14:08:46.049 [INFO] [Taskbar.Bounds] hwnd=0x100E2 iconRight=639 trayLeft=2253
2026-08-03 14:08:46.053 [INFO] [Taskbar.Bounds] hwnd=0x1012E iconRight=2660 trayLeft=5054
2026-08-03 14:08:46.574 [INFO] [Taskbar.Bounds] hwnd=0x100E2 iconRight=639 trayLeft=2253
2026-08-03 14:08:46.578 [INFO] [Taskbar.Bounds] hwnd=0x1012E iconRight=2660 trayLeft=5054
2026-08-03 14:08:47.106 [INFO] [Taskbar.Bounds] hwnd=0x100E2 iconRight=639 trayLeft=2253
2026-08-03 14:08:47.110 [INFO] [Taskbar.Bounds] hwnd=0x1012E iconRight=2660 trayLeft=5054
2026-08-03 14:08:47.639 [INFO] [Taskbar.Bounds] hwnd=0x100E2 iconRight=639 trayLeft=2253
2026-08-03 14:08:47.642 [INFO] [Taskbar.Bounds] hwnd=0x1012E iconRight=2660 trayLeft=5054
2026-08-03 14:08:48.174 [INFO] [Taskbar.Bounds] hwnd=0x100E2 iconRight=639 trayLeft=2253
2026-08-03 14:08:48.179 [INFO] [Taskbar.Bounds] hwnd=0x1012E iconRight=2660 trayLeft=5054
2026-08-03 14:08:48.700 [INFO] [Taskbar.Bounds] hwnd=0x100E2 iconRight=639 trayLeft=2253
2026-08-03 14:08:48.704 [INFO] [Taskbar.Bounds] hwnd=0x1012E iconRight=2660 trayLeft=5054
2026-08-03 14:08:49.231 [INFO] [Taskbar.Bounds] hwnd=0x100E2 iconRight=639 trayLeft=2253
2026-08-03 14:08:49.236 [INFO] [Taskbar.Bounds] hwnd=0x1012E iconRight=2660 trayLeft=5054
2026-08-03 14:08:49.771 [INFO] [Taskbar.Bounds] hwnd=0x100E2 iconRight=639 trayLeft=2253
2026-08-03 14:08:49.774 [INFO] [Taskbar.Bounds] hwnd=0x1012E iconRight=2660 trayLeft=5054
2026-08-03 14:08:50.312 [INFO] [Taskbar.Bounds] hwnd=0x100E2 iconRight=639 trayLeft=2253
2026-08-03 14:08:50.318 [INFO] [Taskbar.Bounds] hwnd=0x1012E iconRight=2660 trayLeft=5054
2026-08-03 14:08:50.828 [INFO] [Taskbar.Bounds] hwnd=0x100E2 iconRight=639 trayLeft=2253
2026-08-03 14:08:50.834 [INFO] [Taskbar.Bounds] hwnd=0x1012E iconRight=2660 trayLeft=5054
2026-08-03 14:08:51.356 [INFO] [Taskbar.Bounds] hwnd=0x100E2 iconRight=639 trayLeft=2253
2026-08-03 14:08:51.359 [INFO] [Taskbar.Bounds] hwnd=0x1012E iconRight=2660 trayLeft=5054
2026-08-03 14:08:51.888 [INFO] [Taskbar.Bounds] hwnd=0x100E2 iconRight=639 trayLeft=2253
2026-08-03 14:08:51.892 [INFO] [Taskbar.Bounds] hwnd=0x1012E iconRight=2660 trayLeft=5054
2026-08-03 14:08:52.427 [INFO] [Taskbar.Bounds] hwnd=0x100E2 iconRight=639 trayLeft=2253
2026-08-03 14:08:52.435 [INFO] [Taskbar.Bounds] hwnd=0x1012E iconRight=2660 trayLeft=5054
2026-08-03 14:08:52.951 [INFO] [Taskbar.Bounds] hwnd=0x100E2 iconRight=639 trayLeft=2253
2026-08-03 14:08:52.956 [INFO] [Taskbar.Bounds] hwnd=0x1012E iconRight=2660 trayLeft=5054
2026-08-03 14:08:53.489 [INFO] [Taskbar.Bounds] hwnd=0x100E2 iconRight=639 trayLeft=2253
2026-08-03 14:08:53.494 [INFO] [Taskbar.Bounds] hwnd=0x1012E iconRight=2660 trayLeft=5054
2026-08-03 14:08:54.019 [INFO] [Taskbar.Bounds] hwnd=0x100E2 iconRight=639 trayLeft=2253
2026-08-03 14:08:54.023 [INFO] [Taskbar.Bounds] hwnd=0x1012E iconRight=2660 trayLeft=5054
2026-08-03 14:08:54.557 [INFO] [Taskbar.Bounds] hwnd=0x100E2 iconRight=639 trayLeft=2253
2026-08-03 14:08:54.561 [INFO] [Taskbar.Bounds] hwnd=0x1012E iconRight=2660 trayLeft=5054
2026-08-03 14:08:55.083 [INFO] [Taskbar.Bounds] hwnd=0x100E2 iconRight=639 trayLeft=2253
2026-08-03 14:08:55.090 [INFO] [Taskbar.Bounds] hwnd=0x1012E iconRight=2660 trayLeft=5054
2026-08-03 14:08:55.618 [INFO] [Taskbar.Bounds] hwnd=0x100E2 iconRight=639 trayLeft=2253
2026-08-03 14:08:55.624 [INFO] [Taskbar.Bounds] hwnd=0x1012E iconRight=2660 trayLeft=5054
2026-08-03 14:08:56.143 [INFO] [Taskbar.Bounds] hwnd=0x100E2 iconRight=639 trayLeft=2253
2026-08-03 14:08:56.147 [INFO] [Taskbar.Bounds] hwnd=0x1012E iconRight=2660 trayLeft=5054
2026-08-03 14:08:56.671 [INFO] [Taskbar.Bounds] hwnd=0x100E2 iconRight=639 trayLeft=2253
2026-08-03 14:08:56.677 [INFO] [Taskbar.Bounds] hwnd=0x1012E iconRight=2660 trayLeft=5054
2026-08-03 14:08:57.206 [INFO] [Taskbar.Bounds] hwnd=0x100E2 iconRight=639 trayLeft=2253
2026-08-03 14:08:57.211 [INFO] [Taskbar.Bounds] hwnd=0x1012E iconRight=2660 trayLeft=5054
2026-08-03 14:08:57.729 [INFO] [Taskbar.Bounds] hwnd=0x100E2 iconRight=639 trayLeft=2253
2026-08-03 14:08:57.733 [INFO] [Taskbar.Bounds] hwnd=0x1012E iconRight=2660 trayLeft=5054
2026-08-03 14:08:58.276 [INFO] [Taskbar.Bounds] hwnd=0x100E2 iconRight=639 trayLeft=2253
2026-08-03 14:08:58.280 [INFO] [Taskbar.Bounds] hwnd=0x1012E iconRight=2660 trayLeft=5054
2026-08-03 14:08:58.805 [INFO] [Taskbar.Bounds] hwnd=0x100E2 iconRight=639 trayLeft=2253
2026-08-03 14:08:58.809 [INFO] [Taskbar.Bounds] hwnd=0x1012E iconRight=2660 trayLeft=5054
2026-08-03 14:08:59.343 [INFO] [Taskbar.Bounds] hwnd=0x100E2 iconRight=639 trayLeft=2253
2026-08-03 14:08:59.347 [INFO] [Taskbar.Bounds] hwnd=0x1012E iconRight=2660 trayLeft=5054
2026-08-03 14:08:59.857 [INFO] [Taskbar.Bounds] hwnd=0x100E2 iconRight=639 trayLeft=2253
2026-08-03 14:08:59.863 [INFO] [Taskbar.Bounds] hwnd=0x1012E iconRight=2660 trayLeft=5054
2026-08-03 14:09:00.395 [INFO] [Taskbar.Bounds] hwnd=0x100E2 iconRight=639 trayLeft=2253
2026-08-03 14:09:00.399 [INFO] [Taskbar.Bounds] hwnd=0x1012E iconRight=2660 trayLeft=5054
2026-08-03 14:09:00.934 [INFO] [Taskbar.Bounds] hwnd=0x100E2 iconRight=639 trayLeft=2253
2026-08-03 14:09:00.941 [INFO] [Taskbar.Bounds] hwnd=0x1012E iconRight=2660 trayLeft=5054
2026-08-03 14:09:01.456 [INFO] [Taskbar.Bounds] hwnd=0x100E2 iconRight=639 trayLeft=2253
2026-08-03 14:09:01.461 [INFO] [Taskbar.Bounds] hwnd=0x1012E iconRight=2660 trayLeft=5054
2026-08-03 14:09:02.005 [INFO] [Taskbar.Bounds] hwnd=0x100E2 iconRight=639 trayLeft=2253
2026-08-03 14:09:02.010 [INFO] [Taskbar.Bounds] hwnd=0x1012E iconRight=2660 trayLeft=5054
2026-08-03 14:09:02.514 [INFO] [Taskbar.Bounds] hwnd=0x100E2 iconRight=639 trayLeft=2253
2026-08-03 14:09:02.519 [INFO] [Taskbar.Bounds] hwnd=0x1012E iconRight=2660 trayLeft=5054
2026-08-03 14:09:03.056 [INFO] [Taskbar.Bounds] hwnd=0x100E2 iconRight=639 trayLeft=2253
2026-08-03 14:09:03.060 [INFO] [Taskbar.Bounds] hwnd=0x1012E iconRight=2660 trayLeft=5054
2026-08-03 14:09:03.572 [INFO] [Taskbar.Bounds] hwnd=0x100E2 iconRight=639 trayLeft=2253
2026-08-03 14:09:03.576 [INFO] [Taskbar.Bounds] hwnd=0x1012E iconRight=2660 trayLeft=5054
2026-08-03 14:09:04.135 [INFO] [Taskbar.Bounds] hwnd=0x100E2 iconRight=639 trayLeft=2253
2026-08-03 14:09:04.142 [INFO] [Taskbar.Bounds] hwnd=0x1012E iconRight=2660 trayLeft=5054
2026-08-03 14:09:04.646 [INFO] [Taskbar.Bounds] hwnd=0x100E2 iconRight=639 trayLeft=2253
2026-08-03 14:09:04.652 [INFO] [Taskbar.Bounds] hwnd=0x1012E iconRight=2660 trayLeft=5054
2026-08-03 14:09:05.174 [INFO] [Taskbar.Bounds] hwnd=0x100E2 iconRight=639 trayLeft=2253
2026-08-03 14:09:05.178 [INFO] [Taskbar.Bounds] hwnd=0x1012E iconRight=2660 trayLeft=5054
2026-08-03 14:09:05.697 [INFO] [Taskbar.Bounds] hwnd=0x100E2 iconRight=639 trayLeft=2253
2026-08-03 14:09:05.701 [INFO] [Taskbar.Bounds] hwnd=0x1012E iconRight=2660 trayLeft=5054
2026-08-03 14:09:06.228 [INFO] [Taskbar.Bounds] hwnd=0x100E2 iconRight=639 trayLeft=2253
2026-08-03 14:09:06.232 [INFO] [Taskbar.Bounds] hwnd=0x1012E iconRight=2660 trayLeft=5054
2026-08-03 14:09:06.761 [INFO] [Taskbar.Bounds] hwnd=0x100E2 iconRight=639 trayLeft=2253
2026-08-03 14:09:06.767 [INFO] [Taskbar.Bounds] hwnd=0x1012E iconRight=2660 trayLeft=5054
2026-08-03 14:09:07.297 [INFO] [Taskbar.Bounds] hwnd=0x100E2 iconRight=639 trayLeft=2253
2026-08-03 14:09:07.301 [INFO] [Taskbar.Bounds] hwnd=0x1012E iconRight=2660 trayLeft=5054
2026-08-03 14:09:07.821 [INFO] [Taskbar.Bounds] hwnd=0x100E2 iconRight=639 trayLeft=2253
2026-08-03 14:09:07.825 [INFO] [Taskbar.Bounds] hwnd=0x1012E iconRight=2660 trayLeft=5054
2026-08-03 14:09:08.386 [INFO] [Taskbar.Bounds] hwnd=0x100E2 iconRight=639 trayLeft=2253
2026-08-03 14:09:08.390 [INFO] [Taskbar.Bounds] hwnd=0x1012E iconRight=2660 trayLeft=5054
2026-08-03 14:09:08.910 [INFO] [Taskbar.Bounds] hwnd=0x100E2 iconRight=639 trayLeft=2253
2026-08-03 14:09:08.915 [INFO] [Taskbar.Bounds] hwnd=0x1012E iconRight=2660 trayLeft=5054
2026-08-03 14:09:09.438 [INFO] [Taskbar.Bounds] hwnd=0x100E2 iconRight=639 trayLeft=2253
2026-08-03 14:09:09.442 [INFO] [Taskbar.Bounds] hwnd=0x1012E iconRight=2660 trayLeft=5054
2026-08-03 14:09:09.974 [INFO] [Taskbar.Bounds] hwnd=0x100E2 iconRight=639 trayLeft=2253
2026-08-03 14:09:09.980 [INFO] [Taskbar.Bounds] hwnd=0x1012E iconRight=2660 trayLeft=5054
2026-08-03 14:09:10.487 [INFO] [Taskbar.Bounds] hwnd=0x100E2 iconRight=639 trayLeft=2253
2026-08-03 14:09:10.492 [INFO] [Taskbar.Bounds] hwnd=0x1012E iconRight=2660 trayLeft=5054
2026-08-03 14:09:11.024 [INFO] [Taskbar.Bounds] hwnd=0x100E2 iconRight=639 trayLeft=2253
2026-08-03 14:09:11.028 [INFO] [Taskbar.Bounds] hwnd=0x1012E iconRight=2660 trayLeft=5054
2026-08-03 14:09:11.558 [INFO] [Taskbar.Bounds] hwnd=0x100E2 iconRight=639 trayLeft=2253
2026-08-03 14:09:11.561 [INFO] [Taskbar.Bounds] hwnd=0x1012E iconRight=2660 trayLeft=5054
2026-08-03 14:09:12.079 [INFO] [Taskbar.Bounds] hwnd=0x100E2 iconRight=639 trayLeft=2253
2026-08-03 14:09:12.083 [INFO] [Taskbar.Bounds] hwnd=0x1012E iconRight=2660 trayLeft=5054
2026-08-03 14:09:12.611 [INFO] [Taskbar.Bounds] hwnd=0x100E2 iconRight=639 trayLeft=2253
2026-08-03 14:09:12.615 [INFO] [Taskbar.Bounds] hwnd=0x1012E iconRight=2660 trayLeft=5054
2026-08-03 14:09:13.138 [INFO] [Taskbar.Bounds] hwnd=0x100E2 iconRight=639 trayLeft=2253
2026-08-03 14:09:13.144 [INFO] [Taskbar.Bounds] hwnd=0x1012E iconRight=2660 trayLeft=5054
2026-08-03 14:09:13.685 [INFO] [Taskbar.Bounds] hwnd=0x100E2 iconRight=639 trayLeft=2253
2026-08-03 14:09:13.690 [INFO] [Taskbar.Bounds] hwnd=0x1012E iconRight=2660 trayLeft=5054
2026-08-03 14:09:14.207 [INFO] [Taskbar.Bounds] hwnd=0x100E2 iconRight=639 trayLeft=2253
2026-08-03 14:09:14.212 [INFO] [Taskbar.Bounds] hwnd=0x1012E iconRight=2660 trayLeft=5054
2026-08-03 14:09:14.763 [INFO] [Taskbar.Bounds] hwnd=0x100E2 iconRight=639 trayLeft=2253
2026-08-03 14:09:14.770 [INFO] [Taskbar.Bounds] hwnd=0x1012E iconRight=2660 trayLeft=5054
2026-08-03 14:09:15.271 [INFO] [Taskbar.Bounds] hwnd=0x100E2 iconRight=639 trayLeft=2253
2026-08-03 14:09:15.276 [INFO] [Taskbar.Bounds] hwnd=0x1012E iconRight=2660 trayLeft=5054
2026-08-03 14:09:15.803 [INFO] [Taskbar.Bounds] hwnd=0x100E2 iconRight=639 trayLeft=2253
2026-08-03 14:09:15.808 [INFO] [Taskbar.Bounds] hwnd=0x1012E iconRight=2660 trayLeft=5054
2026-08-03 14:09:16.340 [INFO] [Taskbar.Bounds] hwnd=0x100E2 iconRight=639 trayLeft=2253
2026-08-03 14:09:16.344 [INFO] [Taskbar.Bounds] hwnd=0x1012E iconRight=2660 trayLeft=5054
2026-08-03 14:09:16.870 [INFO] [Taskbar.Bounds] hwnd=0x100E2 iconRight=639 trayLeft=2253
2026-08-03 14:09:16.875 [INFO] [Taskbar.Bounds] hwnd=0x1012E iconRight=2660 trayLeft=5054
2026-08-03 14:09:17.397 [INFO] [Taskbar.Bounds] hwnd=0x100E2 iconRight=639 trayLeft=2253
2026-08-03 14:09:17.401 [INFO] [Taskbar.Bounds] hwnd=0x1012E iconRight=2660 trayLeft=5054
2026-08-03 14:09:17.925 [INFO] [Taskbar.Bounds] hwnd=0x100E2 iconRight=639 trayLeft=2253
2026-08-03 14:09:17.931 [INFO] [Taskbar.Bounds] hwnd=0x1012E iconRight=2660 trayLeft=5054
2026-08-03 14:09:18.469 [INFO] [Taskbar.Bounds] hwnd=0x100E2 iconRight=639 trayLeft=2253
2026-08-03 14:09:18.474 [INFO] [Taskbar.Bounds] hwnd=0x1012E iconRight=2660 trayLeft=5054
2026-08-03 14:09:18.995 [INFO] [Taskbar.Bounds] hwnd=0x100E2 iconRight=639 trayLeft=2253
2026-08-03 14:09:19.000 [INFO] [Taskbar.Bounds] hwnd=0x1012E iconRight=2660 trayLeft=5054
2026-08-03 14:09:19.521 [INFO] [Taskbar.Bounds] hwnd=0x100E2 iconRight=639 trayLeft=2253
2026-08-03 14:09:19.526 [INFO] [Taskbar.Bounds] hwnd=0x1012E iconRight=2660 trayLeft=5054
2026-08-03 14:09:20.051 [INFO] [Taskbar.Bounds] hwnd=0x100E2 iconRight=639 trayLeft=2253
2026-08-03 14:09:20.055 [INFO] [Taskbar.Bounds] hwnd=0x1012E iconRight=2660 trayLeft=5054
2026-08-03 14:09:20.576 [INFO] [Taskbar.Bounds] hwnd=0x100E2 iconRight=639 trayLeft=2253
2026-08-03 14:09:20.581 [INFO] [Taskbar.Bounds] hwnd=0x1012E iconRight=2660 trayLeft=5054
2026-08-03 14:09:21.107 [INFO] [Taskbar.Bounds] hwnd=0x100E2 iconRight=639 trayLeft=2253
2026-08-03 14:09:21.111 [INFO] [Taskbar.Bounds] hwnd=0x1012E iconRight=2660 trayLeft=5054
2026-08-03 14:09:21.644 [INFO] [Taskbar.Bounds] hwnd=0x100E2 iconRight=639 trayLeft=2253
2026-08-03 14:09:21.649 [INFO] [Taskbar.Bounds] hwnd=0x1012E iconRight=2660 trayLeft=5054
2026-08-03 14:09:22.173 [INFO] [Taskbar.Bounds] hwnd=0x100E2 iconRight=639 trayLeft=2253
2026-08-03 14:09:22.177 [INFO] [Taskbar.Bounds] hwnd=0x1012E iconRight=2660 trayLeft=5054
2026-08-03 14:09:22.702 [INFO] [Taskbar.Bounds] hwnd=0x100E2 iconRight=639 trayLeft=2253
2026-08-03 14:09:22.706 [INFO] [Taskbar.Bounds] hwnd=0x1012E iconRight=2660 trayLeft=5054
2026-08-03 14:09:23.231 [INFO] [Taskbar.Bounds] hwnd=0x100E2 iconRight=639 trayLeft=2253
2026-08-03 14:09:23.236 [INFO] [Taskbar.Bounds] hwnd=0x1012E iconRight=2660 trayLeft=5054
2026-08-03 14:09:23.774 [INFO] [Taskbar.Bounds] hwnd=0x100E2 iconRight=639 trayLeft=2253
2026-08-03 14:09:23.778 [INFO] [Taskbar.Bounds] hwnd=0x1012E iconRight=2660 trayLeft=5054
2026-08-03 14:09:24.307 [INFO] [Taskbar.Bounds] hwnd=0x100E2 iconRight=639 trayLeft=2253
2026-08-03 14:09:24.311 [INFO] [Taskbar.Bounds] hwnd=0x1012E iconRight=2660 trayLeft=5054
2026-08-03 14:09:24.836 [INFO] [Taskbar.Bounds] hwnd=0x100E2 iconRight=639 trayLeft=2253
2026-08-03 14:09:24.841 [INFO] [Taskbar.Bounds] hwnd=0x1012E iconRight=2660 trayLeft=5054
2026-08-03 14:09:25.379 [INFO] [Taskbar.Bounds] hwnd=0x100E2 iconRight=639 trayLeft=2253
2026-08-03 14:09:25.385 [INFO] [Taskbar.Bounds] hwnd=0x1012E iconRight=2660 trayLeft=5054
2026-08-03 14:09:25.894 [INFO] [Taskbar.Bounds] hwnd=0x100E2 iconRight=639 trayLeft=2253
2026-08-03 14:09:25.898 [INFO] [Taskbar.Bounds] hwnd=0x1012E iconRight=2660 trayLeft=5054
2026-08-03 14:09:26.425 [INFO] [Taskbar.Bounds] hwnd=0x100E2 iconRight=639 trayLeft=2253
2026-08-03 14:09:26.429 [INFO] [Taskbar.Bounds] hwnd=0x1012E iconRight=2660 trayLeft=5054
2026-08-03 14:09:26.959 [INFO] [Taskbar.Bounds] hwnd=0x100E2 iconRight=639 trayLeft=2253
2026-08-03 14:09:26.968 [INFO] [Taskbar.Bounds] hwnd=0x1012E iconRight=2660 trayLeft=5054
2026-08-03 14:09:27.490 [INFO] [Taskbar.Bounds] hwnd=0x100E2 iconRight=639 trayLeft=2253
2026-08-03 14:09:27.494 [INFO] [Taskbar.Bounds] hwnd=0x1012E iconRight=2660 trayLeft=5054
2026-08-03 14:09:28.020 [INFO] [Taskbar.Bounds] hwnd=0x100E2 iconRight=639 trayLeft=2253
2026-08-03 14:09:28.025 [INFO] [Taskbar.Bounds] hwnd=0x1012E iconRight=2660 trayLeft=5054
2026-08-03 14:09:28.557 [INFO] [Taskbar.Bounds] hwnd=0x100E2 iconRight=639 trayLeft=2253
2026-08-03 14:09:28.561 [INFO] [Taskbar.Bounds] hwnd=0x1012E iconRight=2660 trayLeft=5054
2026-08-03 14:09:29.081 [INFO] [Taskbar.Bounds] hwnd=0x100E2 iconRight=639 trayLeft=2253
2026-08-03 14:09:29.086 [INFO] [Taskbar.Bounds] hwnd=0x1012E iconRight=2660 trayLeft=5054
2026-08-03 14:09:29.609 [INFO] [Taskbar.Bounds] hwnd=0x100E2 iconRight=639 trayLeft=2253
2026-08-03 14:09:29.613 [INFO] [Taskbar.Bounds] hwnd=0x1012E iconRight=2660 trayLeft=5054
2026-08-03 14:09:30.155 [INFO] [Taskbar.Bounds] hwnd=0x100E2 iconRight=639 trayLeft=2253
2026-08-03 14:09:30.159 [INFO] [Taskbar.Bounds] hwnd=0x1012E iconRight=2660 trayLeft=5054
2026-08-03 14:09:30.670 [INFO] [Taskbar.Bounds] hwnd=0x100E2 iconRight=639 trayLeft=2253
2026-08-03 14:09:30.675 [INFO] [Taskbar.Bounds] hwnd=0x1012E iconRight=2660 trayLeft=5054
2026-08-03 14:09:31.212 [INFO] [Taskbar.Bounds] hwnd=0x100E2 iconRight=639 trayLeft=2253
2026-08-03 14:09:31.215 [INFO] [Taskbar.Bounds] hwnd=0x1012E iconRight=2660 trayLeft=5054
2026-08-03 14:09:31.731 [INFO] [Taskbar.Bounds] hwnd=0x100E2 iconRight=639 trayLeft=2253
2026-08-03 14:09:31.735 [INFO] [Taskbar.Bounds] hwnd=0x1012E iconRight=2660 trayLeft=5054
2026-08-03 14:09:32.269 [INFO] [Taskbar.Bounds] hwnd=0x100E2 iconRight=639 trayLeft=2253
2026-08-03 14:09:32.273 [INFO] [Taskbar.Bounds] hwnd=0x1012E iconRight=2660 trayLeft=5054
2026-08-03 14:09:32.819 [INFO] [Taskbar.Bounds] hwnd=0x100E2 iconRight=639 trayLeft=2253
2026-08-03 14:09:32.823 [INFO] [Taskbar.Bounds] hwnd=0x1012E iconRight=2660 trayLeft=5054
2026-08-03 14:09:33.342 [INFO] [Taskbar.Bounds] hwnd=0x100E2 iconRight=639 trayLeft=2253
2026-08-03 14:09:33.348 [INFO] [Taskbar.Bounds] hwnd=0x1012E iconRight=2660 trayLeft=5054
2026-08-03 14:09:33.865 [INFO] [Taskbar.Bounds] hwnd=0x100E2 iconRight=639 trayLeft=2253
2026-08-03 14:09:33.869 [INFO] [Taskbar.Bounds] hwnd=0x1012E iconRight=2660 trayLeft=5054
2026-08-03 14:09:34.390 [INFO] [Taskbar.Bounds] hwnd=0x100E2 iconRight=639 trayLeft=2253
2026-08-03 14:09:34.394 [INFO] [Taskbar.Bounds] hwnd=0x1012E iconRight=2660 trayLeft=5054
